"../../../Engine/Plugins/Interchange/Runtime/Content/Pipelines/DefaultTexturePipeline.uasset" 0
"../../../Engine/Plugins/Interchange/Runtime/Content/Pipelines/DefaultTexturePipeline.uexp" 1
"../../../Engine/Plugins/Interchange/Runtime/Content/Pipelines/DefaultSceneLevelPipeline.uasset" 2
"../../../Engine/Plugins/Interchange/Runtime/Content/Pipelines/DefaultSceneLevelPipeline.uexp" 3
"../../../Engine/Plugins/Interchange/Runtime/Content/Pipelines/DefaultSceneAssetsPipeline.uasset" 4
"../../../Engine/Plugins/Interchange/Runtime/Content/Pipelines/DefaultSceneAssetsPipeline.uexp" 5
"../../../Engine/Plugins/Interchange/Runtime/Content/Pipelines/DefaultMaterialXPipeline.uasset" 6
"../../../Engine/Plugins/Interchange/Runtime/Content/Pipelines/DefaultMaterialXPipeline.uexp" 7
"../../../Engine/Plugins/Interchange/Runtime/Content/Pipelines/DefaultMaterialPipeline.uasset" 8
"../../../Engine/Plugins/Interchange/Runtime/Content/Pipelines/DefaultMaterialPipeline.uexp" 9
"../../../Engine/Plugins/Interchange/Runtime/Content/Pipelines/DefaultGLTFSceneAssetsPipeline.uasset" 10
"../../../Engine/Plugins/Interchange/Runtime/Content/Pipelines/DefaultGLTFSceneAssetsPipeline.uexp" 11
"../../../Engine/Plugins/Interchange/Runtime/Content/Pipelines/DefaultGLTFPipeline.uasset" 12
"../../../Engine/Plugins/Interchange/Runtime/Content/Pipelines/DefaultGLTFPipeline.uexp" 13
"../../../Engine/Plugins/Interchange/Runtime/Content/Pipelines/DefaultGLTFAssetsPipeline.uasset" 14
"../../../Engine/Plugins/Interchange/Runtime/Content/Pipelines/DefaultGLTFAssetsPipeline.uexp" 15
"../../../Engine/Plugins/Interchange/Runtime/Content/Pipelines/DefaultAssetsPipeline.uasset" 16
"../../../Engine/Plugins/Interchange/Runtime/Content/Pipelines/DefaultAssetsPipeline.uexp" 17
"../../../Engine/Plugins/Animation/ControlRig/Content/Controls/DefaultGizmoLibraryNormalized.uasset" 18
"../../../Engine/Plugins/Animation/ControlRig/Content/Controls/DefaultGizmoLibraryNormalized.uexp" 19
"../../../Engine/Plugins/2D/Paper2D/Content/PlaceholderTextures/DummySpriteTexture.ubulk" 20
"../../../Engine/Plugins/2D/Paper2D/Content/PlaceholderTextures/DummySpriteTexture.uasset" 21
"../../../Engine/Plugins/2D/Paper2D/Content/PlaceholderTextures/DummySpriteTexture.uexp" 22
"../../../Engine/Plugins/2D/Paper2D/Content/DummySprite.uasset" 23
"../../../Engine/Plugins/2D/Paper2D/Content/DummySprite.uexp" 24
"../../../Engine/Plugins/2D/Paper2D/Content/DefaultPaperTerrainMaterial.uasset" 25
"../../../Engine/Plugins/2D/Paper2D/Content/DefaultPaperTerrainMaterial.uexp" 26
"../../../Engine/Content/EngineSounds/Master.uasset" 27
"../../../Engine/Content/EngineSounds/Master.uexp" 28
"../../../Engine/Content/EngineMaterials/DefaultPhysicalMaterial.uasset" 29
"../../../Engine/Content/EngineMaterials/DefaultPhysicalMaterial.uexp" 30
"../../../Engine/Content/EngineMaterials/DefaultDestructiblePhysicalMaterial.uasset" 31
"../../../Engine/Content/EngineMaterials/DefaultDestructiblePhysicalMaterial.uexp" 32
"../../../Engine/Content/EngineFonts/Faces/RobotoLight.uexp" 33
"../../../Engine/Content/EngineFonts/Faces/RobotoLight.uasset" 34
"../../../Engine/Content/EngineFonts/Faces/RobotoLight.ufont" 35
"../../../Engine/Content/EngineFonts/Faces/RobotoBold.uexp" 36
"../../../Engine/Content/EngineFonts/Faces/RobotoBold.uasset" 37
"../../../Engine/Content/EngineFonts/Faces/RobotoBold.ufont" 38
"../../../Engine/Content/EngineFonts/Faces/RobotoRegular.uexp" 39
"../../../Engine/Content/EngineFonts/Faces/RobotoRegular.uasset" 40
"../../../Engine/Content/EngineFonts/Faces/RobotoRegular.ufont" 41
"../../../Engine/Content/EngineFonts/Faces/DroidSansFallback.uexp" 42
"../../../Engine/Content/EngineFonts/Faces/DroidSansFallback.uasset" 43
"../../../Engine/Content/EngineFonts/Faces/DroidSansFallback.ufont" 44
"../../../Engine/Content/EngineFonts/Faces/RobotoItalic.uexp" 45
"../../../Engine/Content/EngineFonts/Faces/RobotoItalic.uasset" 46
"../../../Engine/Content/EngineFonts/Faces/RobotoItalic.ufont" 47
"../../../Engine/Content/EngineFonts/Faces/RobotoBoldItalic.uexp" 48
"../../../Engine/Content/EngineFonts/Faces/RobotoBoldItalic.uasset" 49
"../../../Engine/Content/EngineFonts/Faces/RobotoBoldItalic.ufont" 50
"../../../Engine/Content/EngineFonts/Roboto.uasset" 51
"../../../Engine/Content/EngineFonts/Roboto.uexp" 52
"../../../Engine/Content/Animation/DefaultRecorderBoneCompression.uasset" 53
"../../../Engine/Content/Animation/DefaultRecorderBoneCompression.uexp" 54
"../../../Engine/Content/MobileResources/HUD/VirtualJoystick_Background.uasset" 55
"../../../Engine/Content/MobileResources/HUD/VirtualJoystick_Background.uexp" 56
"../../../Engine/Content/MobileResources/HUD/VirtualJoystick_Thumb.uasset" 57
"../../../Engine/Content/MobileResources/HUD/VirtualJoystick_Thumb.uexp" 58
"../../../Engine/Content/MobileResources/HUD/DefaultVirtualJoysticks.uasset" 59
"../../../Engine/Content/MobileResources/HUD/DefaultVirtualJoysticks.uexp" 60
"../../../Engine/Content/EditorResources/S_Actor.ubulk" 61
"../../../Engine/Content/EditorResources/S_Actor.uasset" 62
"../../../Engine/Content/EditorResources/S_Actor.uexp" 63
"../../../Engine/Content/EditorResources/S_BoxReflectionCapture.uasset" 64
"../../../Engine/Content/EditorResources/S_BoxReflectionCapture.uexp" 65
"../../../Engine/Content/EngineResources/DefaultTexture.ubulk" 66
"../../../Engine/Content/EngineResources/DefaultTexture.uasset" 67
"../../../Engine/Content/EngineResources/DefaultTexture.uexp" 68
"../../../Engine/Content/EngineResources/DefaultTextureCube.uasset" 69
"../../../Engine/Content/EngineResources/DefaultTextureCube.uexp" 70
"../../../Engine/Content/EngineResources/DefaultVolumeTexture2D.uasset" 71
"../../../Engine/Content/EngineResources/DefaultVolumeTexture2D.uexp" 72
"../../../Engine/Content/EngineResources/DefaultVolumeTexture.uasset" 73
"../../../Engine/Content/EngineResources/DefaultVolumeTexture.uexp" 74
"../../../Engine/Content/EditorResources/S_Trigger.ubulk" 75
"../../../Engine/Content/EditorResources/S_Trigger.uasset" 76
"../../../Engine/Content/EditorResources/S_Trigger.uexp" 77
"../../../Engine/Content/EditorResources/S_TriggerBox.uasset" 78
"../../../Engine/Content/EditorResources/S_TriggerBox.uexp" 79
"../../../Engine/Content/EditorResources/S_TriggerCapsule.uasset" 80
"../../../Engine/Content/EditorResources/S_TriggerCapsule.uexp" 81
"../../../Engine/Content/EditorResources/S_TriggerSphere.uasset" 82
"../../../Engine/Content/EditorResources/S_TriggerSphere.uexp" 83
"../../../Engine/Content/EngineMeshes/Sphere.ubulk" 84
"../../../Engine/Content/EngineMeshes/Sphere.uasset" 85
"../../../Engine/Content/EngineMeshes/Sphere.uexp" 86
"../../../Engine/Plugins/Runtime/MeshModelingToolset/Content/Materials/M_DynamicMeshComponentVtxColor.uasset" 87
"../../../Engine/Plugins/Runtime/MeshModelingToolset/Content/Materials/M_DynamicMeshComponentVtxColor.uexp" 88
"../../../Engine/Plugins/Runtime/HairStrands/Content/Materials/HairMeshesDefaultMaterial.uasset" 89
"../../../Engine/Plugins/Runtime/HairStrands/Content/Materials/HairMeshesDefaultMaterial.uexp" 90
"../../../Engine/Plugins/Runtime/HairStrands/Content/Materials/HairDefaultMaterial.uasset" 91
"../../../Engine/Plugins/Runtime/HairStrands/Content/Materials/HairDefaultMaterial.uexp" 92
"../../../Engine/Plugins/Runtime/HairStrands/Content/Materials/HairGroupColors.uasset" 93
"../../../Engine/Plugins/Runtime/HairStrands/Content/Materials/HairGroupColors.uexp" 94
"../../../Engine/Content/Functions/Engine_MaterialFunctions02/Utility/MakeFloat2.uasset" 95
"../../../Engine/Content/Functions/Engine_MaterialFunctions02/Utility/MakeFloat2.uexp" 96
"../../../Engine/Content/Functions/Engine_MaterialFunctions02/Utility/MakeFloat3.uasset" 97
"../../../Engine/Content/Functions/Engine_MaterialFunctions02/Utility/MakeFloat3.uexp" 98
"../../../Engine/Content/EngineMaterials/HairColorMap.uasset" 99
"../../../Engine/Content/EngineMaterials/HairColorMap.uexp" 100
"../../../Engine/Content/EngineMaterials/HairDebugColor.uasset" 101
"../../../Engine/Content/EngineMaterials/HairDebugColor.uexp" 102
"../../../Engine/Plugins/Runtime/HairStrands/Content/Materials/HairDebugMaterial.uasset" 103
"../../../Engine/Plugins/Runtime/HairStrands/Content/Materials/HairDebugMaterial.uexp" 104
"../../../Engine/Plugins/Runtime/HairStrands/Content/Materials/HairCardsDefaultMaterial.uasset" 105
"../../../Engine/Plugins/Runtime/HairStrands/Content/Materials/HairCardsDefaultMaterial.uexp" 106
"../../../Engine/Plugins/Runtime/AudioWidgets/Content/Resources/ScrubHandleDown_Clamped.uasset" 107
"../../../Engine/Plugins/Runtime/AudioWidgets/Content/Resources/ScrubHandleDown_Clamped.uexp" 108
"../../../Engine/Content/Functions/Engine_MaterialFunctions02/Texturing/CustomRotator.uasset" 109
"../../../Engine/Content/Functions/Engine_MaterialFunctions02/Texturing/CustomRotator.uexp" 110
"../../../Engine/Content/Functions/Engine_MaterialFunctions02/Utility/BreakOutFloat2Components.uasset" 111
"../../../Engine/Content/Functions/Engine_MaterialFunctions02/Utility/BreakOutFloat2Components.uexp" 112
"../../../Engine/Content/Functions/Engine_MaterialFunctions01/Texturing/ScaleUVsByCenter.uasset" 113
"../../../Engine/Content/Functions/Engine_MaterialFunctions01/Texturing/ScaleUVsByCenter.uexp" 114
"../../../Engine/Plugins/Runtime/AudioWidgets/Content/AudioMaterialSlate/Functions/MF_SingleLine_Smooth.uasset" 115
"../../../Engine/Plugins/Runtime/AudioWidgets/Content/AudioMaterialSlate/Functions/MF_SingleLine_Smooth.uexp" 116
"../../../Engine/Plugins/Runtime/AudioWidgets/Content/AudioMaterialSlate/Functions/MF_AngleGradient.uasset" 117
"../../../Engine/Plugins/Runtime/AudioWidgets/Content/AudioMaterialSlate/Functions/MF_AngleGradient.uexp" 118
"../../../Engine/Plugins/Runtime/AudioWidgets/Content/AudioMaterialSlate/Functions/MF_SingleLine.uasset" 119
"../../../Engine/Plugins/Runtime/AudioWidgets/Content/AudioMaterialSlate/Functions/MF_SingleLine.uexp" 120
"../../../Engine/Content/Functions/Engine_MaterialFunctions01/Gradient/SphereGradient-2D.uasset" 121
"../../../Engine/Content/Functions/Engine_MaterialFunctions01/Gradient/SphereGradient-2D.uexp" 122
"../../../Engine/Plugins/Runtime/AudioWidgets/Content/AudioMaterialSlate/M_AudioMaterialToggleButton.uasset" 123
"../../../Engine/Plugins/Runtime/AudioWidgets/Content/AudioMaterialSlate/M_AudioMaterialToggleButton.uexp" 124
"../../../Engine/Plugins/Runtime/AudioWidgets/Content/AudioMaterialSlate/MI_AudioMaterialToggleButton.uasset" 125
"../../../Engine/Plugins/Runtime/AudioWidgets/Content/AudioMaterialSlate/MI_AudioMaterialToggleButton.uexp" 126
"../../../Engine/Content/Functions/Engine_MaterialFunctions02/Utility/VectorLength.uasset" 127
"../../../Engine/Content/Functions/Engine_MaterialFunctions02/Utility/VectorLength.uexp" 128
"../../../Engine/Content/Functions/Engine_MaterialFunctions01/Gradient/GeneratedRoundRect.uasset" 129
"../../../Engine/Content/Functions/Engine_MaterialFunctions01/Gradient/GeneratedRoundRect.uexp" 130
"../../../Engine/Plugins/Runtime/AudioWidgets/Content/AudioMaterialSlate/M_AudioMaterialRoundedSlider.uasset" 131
"../../../Engine/Plugins/Runtime/AudioWidgets/Content/AudioMaterialSlate/M_AudioMaterialRoundedSlider.uexp" 132
"../../../Engine/Plugins/Runtime/AudioWidgets/Content/AudioMaterialSlate/MI_AudioMaterialRoundedSlider.uasset" 133
"../../../Engine/Plugins/Runtime/AudioWidgets/Content/AudioMaterialSlate/MI_AudioMaterialRoundedSlider.uexp" 134
"../../../Engine/Plugins/Runtime/AudioWidgets/Content/AudioMaterialSlate/Functions/MF_Lines.uasset" 135
"../../../Engine/Plugins/Runtime/AudioWidgets/Content/AudioMaterialSlate/Functions/MF_Lines.uexp" 136
"../../../Engine/Content/Functions/Engine_MaterialFunctions02/Lerp_3Color.uasset" 137
"../../../Engine/Content/Functions/Engine_MaterialFunctions02/Lerp_3Color.uexp" 138
"../../../Engine/Plugins/Runtime/AudioWidgets/Content/AudioMaterialSlate/M_AudioMaterialMeter.uasset" 139
"../../../Engine/Plugins/Runtime/AudioWidgets/Content/AudioMaterialSlate/M_AudioMaterialMeter.uexp" 140
"../../../Engine/Plugins/Runtime/AudioWidgets/Content/AudioMaterialSlate/MI_AudioMaterialMeter.uasset" 141
"../../../Engine/Plugins/Runtime/AudioWidgets/Content/AudioMaterialSlate/MI_AudioMaterialMeter.uexp" 142
"../../../Engine/Plugins/Runtime/AudioWidgets/Content/AudioMaterialSlate/M_AudioMaterialKnob.uasset" 143
"../../../Engine/Plugins/Runtime/AudioWidgets/Content/AudioMaterialSlate/M_AudioMaterialKnob.uexp" 144
"../../../Engine/Plugins/Runtime/AudioWidgets/Content/AudioMaterialSlate/MI_AudioMaterialKnob.uasset" 145
"../../../Engine/Plugins/Runtime/AudioWidgets/Content/AudioMaterialSlate/MI_AudioMaterialKnob.uexp" 146
"../../../Engine/Plugins/Runtime/AudioWidgets/Content/AudioMaterialSlate/Functions/MF_DotOutlined.uasset" 147
"../../../Engine/Plugins/Runtime/AudioWidgets/Content/AudioMaterialSlate/Functions/MF_DotOutlined.uexp" 148
"../../../Engine/Plugins/Runtime/AudioWidgets/Content/AudioMaterialSlate/M_AudioMaterialEnvelope_ADSR.uasset" 149
"../../../Engine/Plugins/Runtime/AudioWidgets/Content/AudioMaterialSlate/M_AudioMaterialEnvelope_ADSR.uexp" 150
"../../../Engine/Plugins/Runtime/AudioWidgets/Content/AudioMaterialSlate/MI_AudioMaterialEnvelope_ADSR.uasset" 151
"../../../Engine/Plugins/Runtime/AudioWidgets/Content/AudioMaterialSlate/MI_AudioMaterialEnvelope_ADSR.uexp" 152
"../../../Engine/Plugins/NNE/NNEDenoiser/Content/NNEDTOM_Output_Default.uasset" 153
"../../../Engine/Plugins/NNE/NNEDenoiser/Content/NNEDTOM_Output_Default.uexp" 154
"../../../Engine/Plugins/NNE/NNEDenoiser/Content/NNEDTOM_Output_Alpha.uasset" 155
"../../../Engine/Plugins/NNE/NNEDenoiser/Content/NNEDTOM_Output_Alpha.uexp" 156
"../../../Engine/Plugins/NNE/NNEDenoiser/Content/NNEDTIM_ColorAlbedoNormal_Default.uasset" 157
"../../../Engine/Plugins/NNE/NNEDenoiser/Content/NNEDTIM_ColorAlbedoNormal_Default.uexp" 158
"../../../Engine/Plugins/NNE/NNEDenoiser/Content/NNEDTIM_ColorAlbedoNormal_Alpha.uasset" 159
"../../../Engine/Plugins/NNE/NNEDenoiser/Content/NNEDTIM_ColorAlbedoNormal_Alpha.uexp" 160
"../../../Engine/Plugins/NNE/NNEDenoiser/Content/NNEDOM_Output_Default.uasset" 161
"../../../Engine/Plugins/NNE/NNEDenoiser/Content/NNEDOM_Output_Default.uexp" 162
"../../../Engine/Plugins/NNE/NNEDenoiser/Content/NNEDOM_Output_Alpha.uasset" 163
"../../../Engine/Plugins/NNE/NNEDenoiser/Content/NNEDOM_Output_Alpha.uexp" 164
"../../../Engine/Plugins/NNE/NNEDenoiser/Content/NNEDIM_HighQuality_Default.uasset" 165
"../../../Engine/Plugins/NNE/NNEDenoiser/Content/NNEDIM_HighQuality_Default.uexp" 166
"../../../Engine/Plugins/NNE/NNEDenoiser/Content/NNEDIM_HighQuality_Alpha.uasset" 167
"../../../Engine/Plugins/NNE/NNEDenoiser/Content/NNEDIM_HighQuality_Alpha.uexp" 168
"../../../Engine/Plugins/NNE/NNEDenoiser/Content/NNEDIM_ColorAlbedoNormal_Default.uasset" 169
"../../../Engine/Plugins/NNE/NNEDenoiser/Content/NNEDIM_ColorAlbedoNormal_Default.uexp" 170
"../../../Engine/Plugins/NNE/NNEDenoiser/Content/NNEDIM_ColorAlbedoNormal_Alpha.uasset" 171
"../../../Engine/Plugins/NNE/NNEDenoiser/Content/NNEDIM_ColorAlbedoNormal_Alpha.uexp" 172
"../../../Engine/Content/EngineMaterials/T_Default_Material_Grid_M.ubulk" 173
"../../../Engine/Content/EngineMaterials/T_Default_Material_Grid_M.uasset" 174
"../../../Engine/Content/EngineMaterials/T_Default_Material_Grid_M.uexp" 175
"../../../Engine/Content/EngineMaterials/T_Default_Material_Grid_N.ubulk" 176
"../../../Engine/Content/EngineMaterials/T_Default_Material_Grid_N.uasset" 177
"../../../Engine/Content/EngineMaterials/T_Default_Material_Grid_N.uexp" 178
"../../../Engine/Content/Functions/Engine_MaterialFunctions01/Opacity/CameraDepthFade.uasset" 179
"../../../Engine/Content/Functions/Engine_MaterialFunctions01/Opacity/CameraDepthFade.uexp" 180
"../../../Engine/Content/EngineMaterials/WorldGridMaterial.uasset" 181
"../../../Engine/Content/EngineMaterials/WorldGridMaterial.uexp" 182
"../../../Engine/Plugins/Media/MediaPlate/Content/SM_MediaPlateScreen.ubulk" 183
"../../../Engine/Plugins/Media/MediaPlate/Content/SM_MediaPlateScreen.uasset" 184
"../../../Engine/Plugins/Media/MediaPlate/Content/SM_MediaPlateScreen.uexp" 185
"../../../Engine/Plugins/Interchange/Assets/Content/Functions/MX_UsdPreviewSurface.uasset" 186
"../../../Engine/Plugins/Interchange/Assets/Content/Functions/MX_UsdPreviewSurface.uexp" 187
"../../../Engine/Plugins/Interchange/Assets/Content/Functions/MX_UniformEDF.uasset" 188
"../../../Engine/Plugins/Interchange/Assets/Content/Functions/MX_UniformEDF.uexp" 189
"../../../Engine/Plugins/Interchange/Assets/Content/Functions/MX_TranslucentBSDF.uasset" 190
"../../../Engine/Plugins/Interchange/Assets/Content/Functions/MX_TranslucentBSDF.uexp" 191
"../../../Engine/Plugins/Interchange/Assets/Content/Functions/MX_ThinFilmBSDF.uasset" 192
"../../../Engine/Plugins/Interchange/Assets/Content/Functions/MX_ThinFilmBSDF.uexp" 193
"../../../Engine/Plugins/Interchange/Assets/Content/Functions/MX_SurfaceUnlit.uasset" 194
"../../../Engine/Plugins/Interchange/Assets/Content/Functions/MX_SurfaceUnlit.uexp" 195
"../../../Engine/Plugins/Interchange/Assets/Content/Functions/MX_Surface.uasset" 196
"../../../Engine/Plugins/Interchange/Assets/Content/Functions/MX_Surface.uexp" 197
"../../../Engine/Plugins/Interchange/Assets/Content/Functions/MX_SubsurfaceBSDF.uasset" 198
"../../../Engine/Plugins/Interchange/Assets/Content/Functions/MX_SubsurfaceBSDF.uexp" 199
"../../../Engine/Plugins/Interchange/Assets/Content/Functions/MX_SheenBSDF.uasset" 200
"../../../Engine/Plugins/Interchange/Assets/Content/Functions/MX_SheenBSDF.uexp" 201
"../../../Engine/Plugins/Interchange/Assets/Content/Functions/MX_OrenNayarBSDF.uasset" 202
"../../../Engine/Plugins/Interchange/Assets/Content/Functions/MX_OrenNayarBSDF.uexp" 203
"../../../Engine/Plugins/Interchange/Assets/Content/Utilities/New_LUT.uasset" 204
"../../../Engine/Plugins/Interchange/Assets/Content/Utilities/New_LUT.uexp" 205
"../../../Engine/Content/Functions/Engine_MaterialFunctions03/Math/RemapValueRange.uasset" 206
"../../../Engine/Content/Functions/Engine_MaterialFunctions03/Math/RemapValueRange.uexp" 207
"../../../Engine/Plugins/Interchange/Assets/Content/Functions/MF_Iridescence.uasset" 208
"../../../Engine/Plugins/Interchange/Assets/Content/Functions/MF_Iridescence.uexp" 209
"../../../Engine/Plugins/Interchange/Assets/Content/Functions/MX_StandardSurface.uasset" 210
"../../../Engine/Plugins/Interchange/Assets/Content/Functions/MX_StandardSurface.uexp" 211
"../../../Engine/Plugins/Interchange/Assets/Content/Functions/MX_TransmissionSurface.uasset" 212
"../../../Engine/Plugins/Interchange/Assets/Content/Functions/MX_TransmissionSurface.uexp" 213
"../../../Engine/Plugins/Interchange/Assets/Content/Functions/MX_OpenPBR_Translucent.uasset" 214
"../../../Engine/Plugins/Interchange/Assets/Content/Functions/MX_OpenPBR_Translucent.uexp" 215
"../../../Engine/Plugins/Interchange/Assets/Content/Functions/MX_OpenPBR_Opaque.uasset" 216
"../../../Engine/Plugins/Interchange/Assets/Content/Functions/MX_OpenPBR_Opaque.uexp" 217
"../../../Engine/Plugins/Interchange/Assets/Content/Functions/MX_MeasuredEDF.uasset" 218
"../../../Engine/Plugins/Interchange/Assets/Content/Functions/MX_MeasuredEDF.uexp" 219
"../../../Engine/Plugins/Interchange/Assets/Content/Functions/MX_GeneralizedSchlickBSDF.uasset" 220
"../../../Engine/Plugins/Interchange/Assets/Content/Functions/MX_GeneralizedSchlickBSDF.uexp" 221
"../../../Engine/Plugins/Interchange/Assets/Content/Functions/MX_DielectricBSDF.uasset" 222
"../../../Engine/Plugins/Interchange/Assets/Content/Functions/MX_DielectricBSDF.uexp" 223
"../../../Engine/Plugins/Interchange/Assets/Content/Functions/MX_ConicalEDF.uasset" 224
"../../../Engine/Plugins/Interchange/Assets/Content/Functions/MX_ConicalEDF.uexp" 225
"../../../Engine/Plugins/Interchange/Assets/Content/Functions/MX_ConductorBSDF.uasset" 226
"../../../Engine/Plugins/Interchange/Assets/Content/Functions/MX_ConductorBSDF.uexp" 227
"../../../Engine/Plugins/Interchange/Assets/Content/Functions/MX_BurleyDiffuseBSDF.uasset" 228
"../../../Engine/Plugins/Interchange/Assets/Content/Functions/MX_BurleyDiffuseBSDF.uexp" 229
"../../../Engine/Plugins/Interchange/Assets/Content/Functions/MX_AnisotropicVDF.uasset" 230
"../../../Engine/Plugins/Interchange/Assets/Content/Functions/MX_AnisotropicVDF.uexp" 231
"../../../Engine/Plugins/Interchange/Assets/Content/Functions/MX_AbsorptionVDF.uasset" 232
"../../../Engine/Plugins/Interchange/Assets/Content/Functions/MX_AbsorptionVDF.uexp" 233
"../../../Engine/Plugins/Editor/SpeedTreeImporter/Content/SpeedTree9/game_wind_noise.ubulk" 234
"../../../Engine/Plugins/Editor/SpeedTreeImporter/Content/SpeedTree9/game_wind_noise.uasset" 235
"../../../Engine/Plugins/Editor/SpeedTreeImporter/Content/SpeedTree9/game_wind_noise.uexp" 236
"../../../Engine/Plugins/Editor/SpeedTreeImporter/Content/SpeedTree9/UnpackDirection.uasset" 237
"../../../Engine/Plugins/Editor/SpeedTreeImporter/Content/SpeedTree9/UnpackDirection.uexp" 238
"../../../Engine/Content/Functions/Engine_MaterialFunctions02/ObjectLocalBounds.uasset" 239
"../../../Engine/Content/Functions/Engine_MaterialFunctions02/ObjectLocalBounds.uexp" 240
"../../../Engine/Content/Functions/Engine_MaterialFunctions02/Utility/BreakOutFloat3Components.uasset" 241
"../../../Engine/Content/Functions/Engine_MaterialFunctions02/Utility/BreakOutFloat3Components.uexp" 242
"../../../Engine/Content/Functions/Engine_MaterialFunctions02/UVs/BoundingBoxBased_0-1_UVW.uasset" 243
"../../../Engine/Content/Functions/Engine_MaterialFunctions02/UVs/BoundingBoxBased_0-1_UVW.uexp" 244
"../../../Engine/Plugins/Editor/SpeedTreeImporter/Content/SpeedTree9/UnpackInteger3.uasset" 245
"../../../Engine/Plugins/Editor/SpeedTreeImporter/Content/SpeedTree9/UnpackInteger3.uexp" 246
"../../../Engine/Plugins/Editor/SpeedTreeImporter/Content/SpeedTree9/SpeedTreeCameraFacing.uasset" 247
"../../../Engine/Plugins/Editor/SpeedTreeImporter/Content/SpeedTree9/SpeedTreeCameraFacing.uexp" 248
"../../../Engine/Content/Functions/Engine_MaterialFunctions02/WorldPositionOffset/ObjectScale.uasset" 249
"../../../Engine/Content/Functions/Engine_MaterialFunctions02/WorldPositionOffset/ObjectScale.uexp" 250
"../../../Engine/Content/Functions/Engine_MaterialFunctions02/SafeNormalize.uasset" 251
"../../../Engine/Content/Functions/Engine_MaterialFunctions02/SafeNormalize.uexp" 252
"../../../Engine/Plugins/Editor/SpeedTreeImporter/Content/SpeedTree9/SpeedTreeWindMotion.uasset" 253
"../../../Engine/Plugins/Editor/SpeedTreeImporter/Content/SpeedTree9/SpeedTreeWindMotion.uexp" 254
"../../../Engine/Plugins/Editor/SpeedTreeImporter/Content/SpeedTree9/SpeedTreeBranchMotion.uasset" 255
"../../../Engine/Plugins/Editor/SpeedTreeImporter/Content/SpeedTree9/SpeedTreeBranchMotion.uexp" 256
"../../../Engine/Plugins/Editor/SpeedTreeImporter/Content/SpeedTree9/SpeedTreeWind.uasset" 257
"../../../Engine/Plugins/Editor/SpeedTreeImporter/Content/SpeedTree9/SpeedTreeWind.uexp" 258
"../../../Engine/Plugins/Editor/SpeedTreeImporter/Content/SpeedTree9/EmptyNormal.uasset" 259
"../../../Engine/Plugins/Editor/SpeedTreeImporter/Content/SpeedTree9/EmptyNormal.uexp" 260
"../../../Engine/Plugins/Editor/SpeedTreeImporter/Content/SpeedTree9/Empty.uasset" 261
"../../../Engine/Plugins/Editor/SpeedTreeImporter/Content/SpeedTree9/Empty.uexp" 262
"../../../Engine/Plugins/Editor/SpeedTreeImporter/Content/SpeedTree9/SpeedTreeMaster.uasset" 263
"../../../Engine/Plugins/Editor/SpeedTreeImporter/Content/SpeedTree9/SpeedTreeMaster.uexp" 264
"../../../Engine/Plugins/Editor/SpeedTreeImporter/Content/SpeedTree9/SpeedTreeBillboard.uasset" 265
"../../../Engine/Plugins/Editor/SpeedTreeImporter/Content/SpeedTree9/SpeedTreeBillboard.uexp" 266
"../../../Engine/Plugins/Editor/SpeedTreeImporter/Content/SpeedTree9/SpeedTreeBillboardMaster.uasset" 267
"../../../Engine/Plugins/Editor/SpeedTreeImporter/Content/SpeedTree9/SpeedTreeBillboardMaster.uexp" 268
"../../../Engine/Content/Functions/Engine_MaterialFunctions02/WorldPositionOffset/CameraOffset.uasset" 269
"../../../Engine/Content/Functions/Engine_MaterialFunctions02/WorldPositionOffset/CameraOffset.uexp" 270
"../../../Engine/Plugins/Animation/ControlRig/Content/M_Manip.uasset" 271
"../../../Engine/Plugins/Animation/ControlRig/Content/M_Manip.uexp" 272
"../../../Engine/Plugins/Animation/ControlRig/Content/Controls/ControlRig_Wedge_solid.ubulk" 273
"../../../Engine/Plugins/Animation/ControlRig/Content/Controls/ControlRig_Wedge_solid.uasset" 274
"../../../Engine/Plugins/Animation/ControlRig/Content/Controls/ControlRig_Wedge_solid.uexp" 275
"../../../Engine/Plugins/Animation/ControlRig/Content/Controls/ControlRig_Wedge_3mm.ubulk" 276
"../../../Engine/Plugins/Animation/ControlRig/Content/Controls/ControlRig_Wedge_3mm.uasset" 277
"../../../Engine/Plugins/Animation/ControlRig/Content/Controls/ControlRig_Wedge_3mm.uexp" 278
"../../../Engine/Plugins/Animation/ControlRig/Content/Controls/ControlRig_Wedge_1mm.ubulk" 279
"../../../Engine/Plugins/Animation/ControlRig/Content/Controls/ControlRig_Wedge_1mm.uasset" 280
"../../../Engine/Plugins/Animation/ControlRig/Content/Controls/ControlRig_Wedge_1mm.uexp" 281
"../../../Engine/Plugins/Animation/ControlRig/Content/Controls/ControlRig_Triangle_solid.ubulk" 282
"../../../Engine/Plugins/Animation/ControlRig/Content/Controls/ControlRig_Triangle_solid.uasset" 283
"../../../Engine/Plugins/Animation/ControlRig/Content/Controls/ControlRig_Triangle_solid.uexp" 284
"../../../Engine/Plugins/Animation/ControlRig/Content/Controls/ControlRig_Triangle_3mm.ubulk" 285
"../../../Engine/Plugins/Animation/ControlRig/Content/Controls/ControlRig_Triangle_3mm.uasset" 286
"../../../Engine/Plugins/Animation/ControlRig/Content/Controls/ControlRig_Triangle_3mm.uexp" 287
"../../../Engine/Plugins/Animation/ControlRig/Content/Controls/ControlRig_Triangle_1mm.ubulk" 288
"../../../Engine/Plugins/Animation/ControlRig/Content/Controls/ControlRig_Triangle_1mm.uasset" 289
"../../../Engine/Plugins/Animation/ControlRig/Content/Controls/ControlRig_Triangle_1mm.uexp" 290
"../../../Engine/Plugins/Animation/ControlRig/Content/Controls/ControlRig_Star4_solid.ubulk" 291
"../../../Engine/Plugins/Animation/ControlRig/Content/Controls/ControlRig_Star4_solid.uasset" 292
"../../../Engine/Plugins/Animation/ControlRig/Content/Controls/ControlRig_Star4_solid.uexp" 293
"../../../Engine/Plugins/Animation/ControlRig/Content/Controls/ControlRig_Star4_3mm.ubulk" 294
"../../../Engine/Plugins/Animation/ControlRig/Content/Controls/ControlRig_Star4_3mm.uasset" 295
"../../../Engine/Plugins/Animation/ControlRig/Content/Controls/ControlRig_Star4_3mm.uexp" 296
"../../../Engine/Plugins/Animation/ControlRig/Content/Controls/ControlRig_Star4_1mm.ubulk" 297
"../../../Engine/Plugins/Animation/ControlRig/Content/Controls/ControlRig_Star4_1mm.uasset" 298
"../../../Engine/Plugins/Animation/ControlRig/Content/Controls/ControlRig_Star4_1mm.uexp" 299
"../../../Engine/Plugins/Animation/ControlRig/Content/Controls/ControlRig_Square_solid.ubulk" 300
"../../../Engine/Plugins/Animation/ControlRig/Content/Controls/ControlRig_Square_solid.uasset" 301
"../../../Engine/Plugins/Animation/ControlRig/Content/Controls/ControlRig_Square_solid.uexp" 302
"../../../Engine/Plugins/Animation/ControlRig/Content/Controls/ControlRig_Square_3mm.ubulk" 303
"../../../Engine/Plugins/Animation/ControlRig/Content/Controls/ControlRig_Square_3mm.uasset" 304
"../../../Engine/Plugins/Animation/ControlRig/Content/Controls/ControlRig_Square_3mm.uexp" 305
"../../../Engine/Plugins/Animation/ControlRig/Content/Controls/ControlRig_Square_1mm.ubulk" 306
"../../../Engine/Plugins/Animation/ControlRig/Content/Controls/ControlRig_Square_1mm.uasset" 307
"../../../Engine/Plugins/Animation/ControlRig/Content/Controls/ControlRig_Square_1mm.uexp" 308
"../../../Engine/Plugins/Animation/ControlRig/Content/Controls/ControlRig_Sphere_solid.ubulk" 309
"../../../Engine/Plugins/Animation/ControlRig/Content/Controls/ControlRig_Sphere_solid.uasset" 310
"../../../Engine/Plugins/Animation/ControlRig/Content/Controls/ControlRig_Sphere_solid.uexp" 311
"../../../Engine/Plugins/Animation/ControlRig/Content/Controls/ControlRig_Sphere_3mm.ubulk" 312
"../../../Engine/Plugins/Animation/ControlRig/Content/Controls/ControlRig_Sphere_3mm.uasset" 313
"../../../Engine/Plugins/Animation/ControlRig/Content/Controls/ControlRig_Sphere_3mm.uexp" 314
"../../../Engine/Plugins/Animation/ControlRig/Content/Controls/ControlRig_Sphere_1mm.ubulk" 315
"../../../Engine/Plugins/Animation/ControlRig/Content/Controls/ControlRig_Sphere_1mm.uasset" 316
"../../../Engine/Plugins/Animation/ControlRig/Content/Controls/ControlRig_Sphere_1mm.uexp" 317
"../../../Engine/Plugins/Animation/ControlRig/Content/Controls/ControlRig_RoundedTriangle_solid.ubulk" 318
"../../../Engine/Plugins/Animation/ControlRig/Content/Controls/ControlRig_RoundedTriangle_solid.uasset" 319
"../../../Engine/Plugins/Animation/ControlRig/Content/Controls/ControlRig_RoundedTriangle_solid.uexp" 320
"../../../Engine/Plugins/Animation/ControlRig/Content/Controls/ControlRig_RoundedTriangle_3mm.ubulk" 321
"../../../Engine/Plugins/Animation/ControlRig/Content/Controls/ControlRig_RoundedTriangle_3mm.uasset" 322
"../../../Engine/Plugins/Animation/ControlRig/Content/Controls/ControlRig_RoundedTriangle_3mm.uexp" 323
"../../../Engine/Plugins/Animation/ControlRig/Content/Controls/ControlRig_RoundedTriangle_1mm.ubulk" 324
"../../../Engine/Plugins/Animation/ControlRig/Content/Controls/ControlRig_RoundedTriangle_1mm.uasset" 325
"../../../Engine/Plugins/Animation/ControlRig/Content/Controls/ControlRig_RoundedTriangle_1mm.uexp" 326
"../../../Engine/Plugins/Animation/ControlRig/Content/Controls/ControlRig_RoundedSquare_solid.ubulk" 327
"../../../Engine/Plugins/Animation/ControlRig/Content/Controls/ControlRig_RoundedSquare_solid.uasset" 328
"../../../Engine/Plugins/Animation/ControlRig/Content/Controls/ControlRig_RoundedSquare_solid.uexp" 329
"../../../Engine/Plugins/Animation/ControlRig/Content/Controls/ControlRig_RoundedSquare_3mm.ubulk" 330
"../../../Engine/Plugins/Animation/ControlRig/Content/Controls/ControlRig_RoundedSquare_3mm.uasset" 331
"../../../Engine/Plugins/Animation/ControlRig/Content/Controls/ControlRig_RoundedSquare_3mm.uexp" 332
"../../../Engine/Plugins/Animation/ControlRig/Content/Controls/ControlRig_RoundedSquare_1mm.ubulk" 333
"../../../Engine/Plugins/Animation/ControlRig/Content/Controls/ControlRig_RoundedSquare_1mm.uasset" 334
"../../../Engine/Plugins/Animation/ControlRig/Content/Controls/ControlRig_RoundedSquare_1mm.uexp" 335
"../../../Engine/Plugins/Animation/ControlRig/Content/Controls/ControlRig_QuarterCircle_solid.ubulk" 336
"../../../Engine/Plugins/Animation/ControlRig/Content/Controls/ControlRig_QuarterCircle_solid.uasset" 337
"../../../Engine/Plugins/Animation/ControlRig/Content/Controls/ControlRig_QuarterCircle_solid.uexp" 338
"../../../Engine/Plugins/Animation/ControlRig/Content/Controls/ControlRig_QuarterCircle_3mm.ubulk" 339
"../../../Engine/Plugins/Animation/ControlRig/Content/Controls/ControlRig_QuarterCircle_3mm.uasset" 340
"../../../Engine/Plugins/Animation/ControlRig/Content/Controls/ControlRig_QuarterCircle_3mm.uexp" 341
"../../../Engine/Plugins/Animation/ControlRig/Content/Controls/ControlRig_QuarterCircle_1mm.ubulk" 342
"../../../Engine/Plugins/Animation/ControlRig/Content/Controls/ControlRig_QuarterCircle_1mm.uasset" 343
"../../../Engine/Plugins/Animation/ControlRig/Content/Controls/ControlRig_QuarterCircle_1mm.uexp" 344
"../../../Engine/Plugins/Animation/ControlRig/Content/Controls/ControlRig_Pyramid_solid.ubulk" 345
"../../../Engine/Plugins/Animation/ControlRig/Content/Controls/ControlRig_Pyramid_solid.uasset" 346
"../../../Engine/Plugins/Animation/ControlRig/Content/Controls/ControlRig_Pyramid_solid.uexp" 347
"../../../Engine/Plugins/Animation/ControlRig/Content/Controls/ControlRig_Pyramid_3mm.ubulk" 348
"../../../Engine/Plugins/Animation/ControlRig/Content/Controls/ControlRig_Pyramid_3mm.uasset" 349
"../../../Engine/Plugins/Animation/ControlRig/Content/Controls/ControlRig_Pyramid_3mm.uexp" 350
"../../../Engine/Plugins/Animation/ControlRig/Content/Controls/ControlRig_Pyramid_1mm.ubulk" 351
"../../../Engine/Plugins/Animation/ControlRig/Content/Controls/ControlRig_Pyramid_1mm.uasset" 352
"../../../Engine/Plugins/Animation/ControlRig/Content/Controls/ControlRig_Pyramid_1mm.uexp" 353
"../../../Engine/Plugins/Animation/ControlRig/Content/Controls/ControlRig_Octagon_solid.ubulk" 354
"../../../Engine/Plugins/Animation/ControlRig/Content/Controls/ControlRig_Octagon_solid.uasset" 355
"../../../Engine/Plugins/Animation/ControlRig/Content/Controls/ControlRig_Octagon_solid.uexp" 356
"../../../Engine/Plugins/Animation/ControlRig/Content/Controls/ControlRig_Octagon_3mm.ubulk" 357
"../../../Engine/Plugins/Animation/ControlRig/Content/Controls/ControlRig_Octagon_3mm.uasset" 358
"../../../Engine/Plugins/Animation/ControlRig/Content/Controls/ControlRig_Octagon_3mm.uexp" 359
"../../../Engine/Plugins/Animation/ControlRig/Content/Controls/ControlRig_Octagon_1mm.ubulk" 360
"../../../Engine/Plugins/Animation/ControlRig/Content/Controls/ControlRig_Octagon_1mm.uasset" 361
"../../../Engine/Plugins/Animation/ControlRig/Content/Controls/ControlRig_Octagon_1mm.uexp" 362
"../../../Engine/Plugins/Animation/ControlRig/Content/Controls/ControlRig_Hexagon_solid.ubulk" 363
"../../../Engine/Plugins/Animation/ControlRig/Content/Controls/ControlRig_Hexagon_solid.uasset" 364
"../../../Engine/Plugins/Animation/ControlRig/Content/Controls/ControlRig_Hexagon_solid.uexp" 365
"../../../Engine/Plugins/Animation/ControlRig/Content/Controls/ControlRig_Hexagon_3mm.ubulk" 366
"../../../Engine/Plugins/Animation/ControlRig/Content/Controls/ControlRig_Hexagon_3mm.uasset" 367
"../../../Engine/Plugins/Animation/ControlRig/Content/Controls/ControlRig_Hexagon_3mm.uexp" 368
"../../../Engine/Plugins/Animation/ControlRig/Content/Controls/ControlRig_Hexagon_1mm.ubulk" 369
"../../../Engine/Plugins/Animation/ControlRig/Content/Controls/ControlRig_Hexagon_1mm.uasset" 370
"../../../Engine/Plugins/Animation/ControlRig/Content/Controls/ControlRig_Hexagon_1mm.uexp" 371
"../../../Engine/Plugins/Animation/ControlRig/Content/Controls/ControlRig_HalfCircle_solid.ubulk" 372
"../../../Engine/Plugins/Animation/ControlRig/Content/Controls/ControlRig_HalfCircle_solid.uasset" 373
"../../../Engine/Plugins/Animation/ControlRig/Content/Controls/ControlRig_HalfCircle_solid.uexp" 374
"../../../Engine/Plugins/Animation/ControlRig/Content/Controls/ControlRig_HalfCircle_3mm.ubulk" 375
"../../../Engine/Plugins/Animation/ControlRig/Content/Controls/ControlRig_HalfCircle_3mm.uasset" 376
"../../../Engine/Plugins/Animation/ControlRig/Content/Controls/ControlRig_HalfCircle_3mm.uexp" 377
"../../../Engine/Plugins/Animation/ControlRig/Content/Controls/ControlRig_HalfCircle_1mm.ubulk" 378
"../../../Engine/Plugins/Animation/ControlRig/Content/Controls/ControlRig_HalfCircle_1mm.uasset" 379
"../../../Engine/Plugins/Animation/ControlRig/Content/Controls/ControlRig_HalfCircle_1mm.uexp" 380
"../../../Engine/Plugins/Animation/ControlRig/Content/Controls/ControlRig_Diamond_solid.ubulk" 381
"../../../Engine/Plugins/Animation/ControlRig/Content/Controls/ControlRig_Diamond_solid.uasset" 382
"../../../Engine/Plugins/Animation/ControlRig/Content/Controls/ControlRig_Diamond_solid.uexp" 383
"../../../Engine/Plugins/Animation/ControlRig/Content/Controls/ControlRig_Diamond_3mm.ubulk" 384
"../../../Engine/Plugins/Animation/ControlRig/Content/Controls/ControlRig_Diamond_3mm.uasset" 385
"../../../Engine/Plugins/Animation/ControlRig/Content/Controls/ControlRig_Diamond_3mm.uexp" 386
"../../../Engine/Plugins/Animation/ControlRig/Content/Controls/ControlRig_Diamond_1mm.ubulk" 387
"../../../Engine/Plugins/Animation/ControlRig/Content/Controls/ControlRig_Diamond_1mm.uasset" 388
"../../../Engine/Plugins/Animation/ControlRig/Content/Controls/ControlRig_Diamond_1mm.uexp" 389
"../../../Engine/Plugins/Animation/ControlRig/Content/Controls/ControlRig_Circle_solid.ubulk" 390
"../../../Engine/Plugins/Animation/ControlRig/Content/Controls/ControlRig_Circle_solid.uasset" 391
"../../../Engine/Plugins/Animation/ControlRig/Content/Controls/ControlRig_Circle_solid.uexp" 392
"../../../Engine/Plugins/Animation/ControlRig/Content/Controls/ControlRig_Circle_3mm.ubulk" 393
"../../../Engine/Plugins/Animation/ControlRig/Content/Controls/ControlRig_Circle_3mm.uasset" 394
"../../../Engine/Plugins/Animation/ControlRig/Content/Controls/ControlRig_Circle_3mm.uexp" 395
"../../../Engine/Plugins/Animation/ControlRig/Content/Controls/ControlRig_Circle_1mm.ubulk" 396
"../../../Engine/Plugins/Animation/ControlRig/Content/Controls/ControlRig_Circle_1mm.uasset" 397
"../../../Engine/Plugins/Animation/ControlRig/Content/Controls/ControlRig_Circle_1mm.uexp" 398
"../../../Engine/Plugins/Animation/ControlRig/Content/Controls/ControlRig_Box_solid.ubulk" 399
"../../../Engine/Plugins/Animation/ControlRig/Content/Controls/ControlRig_Box_solid.uasset" 400
"../../../Engine/Plugins/Animation/ControlRig/Content/Controls/ControlRig_Box_solid.uexp" 401
"../../../Engine/Plugins/Animation/ControlRig/Content/Controls/ControlRig_Box_3mm.ubulk" 402
"../../../Engine/Plugins/Animation/ControlRig/Content/Controls/ControlRig_Box_3mm.uasset" 403
"../../../Engine/Plugins/Animation/ControlRig/Content/Controls/ControlRig_Box_3mm.uexp" 404
"../../../Engine/Plugins/Animation/ControlRig/Content/Controls/ControlRig_Box_1mm.ubulk" 405
"../../../Engine/Plugins/Animation/ControlRig/Content/Controls/ControlRig_Box_1mm.uasset" 406
"../../../Engine/Plugins/Animation/ControlRig/Content/Controls/ControlRig_Box_1mm.uexp" 407
"../../../Engine/Plugins/Animation/ControlRig/Content/Controls/ControlRig_Arrow_solid.ubulk" 408
"../../../Engine/Plugins/Animation/ControlRig/Content/Controls/ControlRig_Arrow_solid.uasset" 409
"../../../Engine/Plugins/Animation/ControlRig/Content/Controls/ControlRig_Arrow_solid.uexp" 410
"../../../Engine/Plugins/Animation/ControlRig/Content/Controls/ControlRig_Arrow_3mm.ubulk" 411
"../../../Engine/Plugins/Animation/ControlRig/Content/Controls/ControlRig_Arrow_3mm.uasset" 412
"../../../Engine/Plugins/Animation/ControlRig/Content/Controls/ControlRig_Arrow_3mm.uexp" 413
"../../../Engine/Plugins/Animation/ControlRig/Content/Controls/ControlRig_Arrow_1mm.ubulk" 414
"../../../Engine/Plugins/Animation/ControlRig/Content/Controls/ControlRig_Arrow_1mm.uasset" 415
"../../../Engine/Plugins/Animation/ControlRig/Content/Controls/ControlRig_Arrow_1mm.uexp" 416
"../../../Engine/Plugins/Animation/ControlRig/Content/Controls/ControlRig_Arrow4_solid.ubulk" 417
"../../../Engine/Plugins/Animation/ControlRig/Content/Controls/ControlRig_Arrow4_solid.uasset" 418
"../../../Engine/Plugins/Animation/ControlRig/Content/Controls/ControlRig_Arrow4_solid.uexp" 419
"../../../Engine/Plugins/Animation/ControlRig/Content/Controls/ControlRig_Arrow4_3mm.ubulk" 420
"../../../Engine/Plugins/Animation/ControlRig/Content/Controls/ControlRig_Arrow4_3mm.uasset" 421
"../../../Engine/Plugins/Animation/ControlRig/Content/Controls/ControlRig_Arrow4_3mm.uexp" 422
"../../../Engine/Plugins/Animation/ControlRig/Content/Controls/ControlRig_Arrow4_1mm.ubulk" 423
"../../../Engine/Plugins/Animation/ControlRig/Content/Controls/ControlRig_Arrow4_1mm.uasset" 424
"../../../Engine/Plugins/Animation/ControlRig/Content/Controls/ControlRig_Arrow4_1mm.uexp" 425
"../../../Engine/Plugins/Animation/ControlRig/Content/Controls/ControlRig_Arrow2_solid.ubulk" 426
"../../../Engine/Plugins/Animation/ControlRig/Content/Controls/ControlRig_Arrow2_solid.uasset" 427
"../../../Engine/Plugins/Animation/ControlRig/Content/Controls/ControlRig_Arrow2_solid.uexp" 428
"../../../Engine/Plugins/Animation/ControlRig/Content/Controls/ControlRig_Arrow2_3mm.ubulk" 429
"../../../Engine/Plugins/Animation/ControlRig/Content/Controls/ControlRig_Arrow2_3mm.uasset" 430
"../../../Engine/Plugins/Animation/ControlRig/Content/Controls/ControlRig_Arrow2_3mm.uexp" 431
"../../../Engine/Plugins/Animation/ControlRig/Content/Controls/ControlRig_Arrow2_1mm.ubulk" 432
"../../../Engine/Plugins/Animation/ControlRig/Content/Controls/ControlRig_Arrow2_1mm.uasset" 433
"../../../Engine/Plugins/Animation/ControlRig/Content/Controls/ControlRig_Arrow2_1mm.uexp" 434
"../../../Engine/Plugins/Animation/ControlRig/Content/Controls/ControlRigXRayMaterial.uasset" 435
"../../../Engine/Plugins/Animation/ControlRig/Content/Controls/ControlRigXRayMaterial.uexp" 436
"../../../Engine/Plugins/Animation/ControlRig/Content/Controls/ControlRigGizmoMaterial.uasset" 437
"../../../Engine/Plugins/Animation/ControlRig/Content/Controls/ControlRigGizmoMaterial.uexp" 438
"../../../Engine/Plugins/2D/Paper2D/Content/DefaultSpriteMaterial.uasset" 439
"../../../Engine/Plugins/2D/Paper2D/Content/DefaultSpriteMaterial.uexp" 440
"../../../Engine/Plugins/2D/Paper2D/Content/OpaqueUnlitSpriteMaterial.uasset" 441
"../../../Engine/Plugins/2D/Paper2D/Content/OpaqueUnlitSpriteMaterial.uexp" 442
"../../../Engine/Plugins/2D/Paper2D/Content/MaskedUnlitSpriteMaterial.uasset" 443
"../../../Engine/Plugins/2D/Paper2D/Content/MaskedUnlitSpriteMaterial.uexp" 444
"../../../Engine/Content/EngineResources/GradientTexture0.uasset" 445
"../../../Engine/Content/EngineResources/GradientTexture0.uexp" 446
"../../../Engine/Content/EngineResources/Black.uasset" 447
"../../../Engine/Content/EngineResources/Black.uexp" 448
"../../../Engine/Content/EngineResources/WhiteSquareTexture.uasset" 449
"../../../Engine/Content/EngineResources/WhiteSquareTexture.uexp" 450
"../../../Engine/Content/EngineMaterials/Widget3DPassThrough.uasset" 451
"../../../Engine/Content/EngineMaterials/Widget3DPassThrough.uexp" 452
"../../../Engine/Content/EngineMaterials/Widget3DPassThrough_Translucent.uasset" 453
"../../../Engine/Content/EngineMaterials/Widget3DPassThrough_Translucent.uexp" 454
"../../../Engine/Content/EngineMaterials/Widget3DPassThrough_Translucent_OneSided.uasset" 455
"../../../Engine/Content/EngineMaterials/Widget3DPassThrough_Translucent_OneSided.uexp" 456
"../../../Engine/Content/EngineMaterials/Widget3DPassThrough_Opaque.uasset" 457
"../../../Engine/Content/EngineMaterials/Widget3DPassThrough_Opaque.uexp" 458
"../../../Engine/Content/EngineMaterials/Widget3DPassThrough_Opaque_OneSided.uasset" 459
"../../../Engine/Content/EngineMaterials/Widget3DPassThrough_Opaque_OneSided.uexp" 460
"../../../Engine/Content/EngineMaterials/Widget3DPassThrough_Masked_OneSided.uasset" 461
"../../../Engine/Content/EngineMaterials/Widget3DPassThrough_Masked_OneSided.uexp" 462
"../../../Engine/Content/EngineMaterials/Widget3DPassThrough_Masked.uasset" 463
"../../../Engine/Content/EngineMaterials/Widget3DPassThrough_Masked.uexp" 464
"../../../Engine/Content/EngineMaterials/WeightMapPlaceholderTexture.uasset" 465
"../../../Engine/Content/EngineMaterials/WeightMapPlaceholderTexture.uexp" 466
"../../../Engine/Content/EngineMaterials/WeightMapArrayPlaceholderTexture.uasset" 467
"../../../Engine/Content/EngineMaterials/WeightMapArrayPlaceholderTexture.uexp" 468
"../../../Engine/Content/EngineMaterials/RemoveSurfaceMaterial.uasset" 469
"../../../Engine/Content/EngineMaterials/RemoveSurfaceMaterial.uexp" 470
"../../../Engine/Content/EngineMaterials/PreintegratedSkinBRDF.uasset" 471
"../../../Engine/Content/EngineMaterials/PreintegratedSkinBRDF.uexp" 472
"../../../Engine/Content/EngineMaterials/DefaultCalibrationGrayscale.uasset" 473
"../../../Engine/Content/EngineMaterials/DefaultCalibrationGrayscale.uexp" 474
"../../../Engine/Content/EngineMaterials/PPM_DefaultCalibrationGrayscale.uasset" 475
"../../../Engine/Content/EngineMaterials/PPM_DefaultCalibrationGrayscale.uexp" 476
"../../../Engine/Content/EngineMaterials/DefaultCalibrationColor.uasset" 477
"../../../Engine/Content/EngineMaterials/DefaultCalibrationColor.uexp" 478
"../../../Engine/Content/EngineMaterials/PPM_DefaultCalibrationColor.uasset" 479
"../../../Engine/Content/EngineMaterials/PPM_DefaultCalibrationColor.uexp" 480
"../../../Engine/Content/EngineMaterials/PhAT_JointLimitMaterial.uasset" 481
"../../../Engine/Content/EngineMaterials/PhAT_JointLimitMaterial.uexp" 482
"../../../Engine/Content/EngineMaterials/NaniteHiddenSectionMaterial.uasset" 483
"../../../Engine/Content/EngineMaterials/NaniteHiddenSectionMaterial.uexp" 484
"../../../Engine/Content/EngineMaterials/InvalidLightmapSettings.ubulk" 485
"../../../Engine/Content/EngineMaterials/InvalidLightmapSettings.uasset" 486
"../../../Engine/Content/EngineMaterials/InvalidLightmapSettings.uexp" 487
"../../../Engine/Content/EngineMaterials/M_InvalidLightmapSettings.uasset" 488
"../../../Engine/Content/EngineMaterials/M_InvalidLightmapSettings.uexp" 489
"../../../Engine/Content/EngineMaterials/MiniFont.uasset" 490
"../../../Engine/Content/EngineMaterials/MiniFont.uexp" 491
"../../../Engine/Content/EngineMaterials/GizmoMaterial.uasset" 492
"../../../Engine/Content/EngineMaterials/GizmoMaterial.uexp" 493
"../../../Engine/Content/EngineMaterials/BaseFlattenEmissiveMap_VT.uasset" 494
"../../../Engine/Content/EngineMaterials/BaseFlattenEmissiveMap_VT.uexp" 495
"../../../Engine/Content/EngineMaterials/BaseFlattenGrayscaleMap_VT.uasset" 496
"../../../Engine/Content/EngineMaterials/BaseFlattenGrayscaleMap_VT.uexp" 497
"../../../Engine/Content/EngineMaterials/BaseFlattenLinearColor_VT.uasset" 498
"../../../Engine/Content/EngineMaterials/BaseFlattenLinearColor_VT.uexp" 499
"../../../Engine/Content/EngineMaterials/Black_1x1_EXR_Texture_VT.uasset" 500
"../../../Engine/Content/EngineMaterials/Black_1x1_EXR_Texture_VT.uexp" 501
"../../../Engine/Content/EngineMaterials/BaseFlattenDiffuseMap_VT.uasset" 502
"../../../Engine/Content/EngineMaterials/BaseFlattenDiffuseMap_VT.uexp" 503
"../../../Engine/Content/EngineMaterials/BaseFlattenNormalMap_VT.uasset" 504
"../../../Engine/Content/EngineMaterials/BaseFlattenNormalMap_VT.uexp" 505
"../../../Engine/Content/EngineMaterials/FlattenMaterial_WS_Normal_VT.uasset" 506
"../../../Engine/Content/EngineMaterials/FlattenMaterial_WS_Normal_VT.uexp" 507
"../../../Engine/Content/EngineMaterials/FlattenMaterial_VT.uasset" 508
"../../../Engine/Content/EngineMaterials/FlattenMaterial_VT.uexp" 509
"../../../Engine/Content/EngineMaterials/BaseFlattenNormalMap.uasset" 510
"../../../Engine/Content/EngineMaterials/BaseFlattenNormalMap.uexp" 511
"../../../Engine/Content/EngineMaterials/BaseFlattenGrayscaleMap.uasset" 512
"../../../Engine/Content/EngineMaterials/BaseFlattenGrayscaleMap.uexp" 513
"../../../Engine/Content/EngineMaterials/BaseFlattenDiffuseMap.uasset" 514
"../../../Engine/Content/EngineMaterials/BaseFlattenDiffuseMap.uexp" 515
"../../../Engine/Content/Functions/Engine_MaterialFunctions02/PivotPainter2/Black_1x1_EXR_Texture.uasset" 516
"../../../Engine/Content/Functions/Engine_MaterialFunctions02/PivotPainter2/Black_1x1_EXR_Texture.uexp" 517
"../../../Engine/Content/EngineMaterials/BaseFlattenEmissiveMap.uasset" 518
"../../../Engine/Content/EngineMaterials/BaseFlattenEmissiveMap.uexp" 519
"../../../Engine/Content/EngineMaterials/BaseFlattenLinearColor.uasset" 520
"../../../Engine/Content/EngineMaterials/BaseFlattenLinearColor.uexp" 521
"../../../Engine/Content/EngineMaterials/FlattenMaterial.uasset" 522
"../../../Engine/Content/EngineMaterials/FlattenMaterial.uexp" 523
"../../../Engine/Content/EngineMaterials/FastBlueNoise_vec2_128x128x64.uasset" 524
"../../../Engine/Content/EngineMaterials/FastBlueNoise_vec2_128x128x64.uexp" 525
"../../../Engine/Content/EngineMaterials/FastBlueNoise_scalar_128x128x64.uasset" 526
"../../../Engine/Content/EngineMaterials/FastBlueNoise_scalar_128x128x64.uexp" 527
"../../../Engine/Content/EngineMaterials/DefaultWhiteGrid_Low.uasset" 528
"../../../Engine/Content/EngineMaterials/DefaultWhiteGrid_Low.uexp" 529
"../../../Engine/Content/EngineMaterials/EmissiveMeshMaterial.uasset" 530
"../../../Engine/Content/EngineMaterials/EmissiveMeshMaterial.uexp" 531
"../../../Engine/Content/EngineMaterials/DefaultWhiteGrid.ubulk" 532
"../../../Engine/Content/EngineMaterials/DefaultWhiteGrid.uasset" 533
"../../../Engine/Content/EngineMaterials/DefaultWhiteGrid.uexp" 534
"../../../Engine/Content/EngineFonts/RobotoDistanceField.uasset" 535
"../../../Engine/Content/EngineFonts/RobotoDistanceField.uexp" 536
"../../../Engine/Content/EngineMaterials/DefaultTextMaterialOpaque.uasset" 537
"../../../Engine/Content/EngineMaterials/DefaultTextMaterialOpaque.uexp" 538
"../../../Engine/Content/EngineMaterials/DefaultDiffuse.ubulk" 539
"../../../Engine/Content/EngineMaterials/DefaultDiffuse.uasset" 540
"../../../Engine/Content/EngineMaterials/DefaultDiffuse.uexp" 541
"../../../Engine/Content/EngineMaterials/DefaultPostProcessMaterial.uasset" 542
"../../../Engine/Content/EngineMaterials/DefaultPostProcessMaterial.uexp" 543
"../../../Engine/Content/EngineMaterials/DefaultLightFunctionMaterial.uasset" 544
"../../../Engine/Content/EngineMaterials/DefaultLightFunctionMaterial.uexp" 545
"../../../Engine/Content/EngineMaterials/DefaultDeferredDecalMaterial.uasset" 546
"../../../Engine/Content/EngineMaterials/DefaultDeferredDecalMaterial.uexp" 547
"../../../Engine/Content/EngineMaterials/DefaultBokeh.uasset" 548
"../../../Engine/Content/EngineMaterials/DefaultBokeh.uexp" 549
"../../../Engine/Content/EngineMaterials/DefaultBloomKernel.uasset" 550
"../../../Engine/Content/EngineMaterials/DefaultBloomKernel.uexp" 551
"../../../Engine/Content/Functions/Engine_MaterialFunctions02/Utility/CameraDirectionVector.uasset" 552
"../../../Engine/Content/Functions/Engine_MaterialFunctions02/Utility/CameraDirectionVector.uexp" 553
"../../../Engine/Content/EngineDebugMaterials/VolumeToRender.uasset" 554
"../../../Engine/Content/EngineDebugMaterials/VolumeToRender.uexp" 555
"../../../Engine/Content/EngineDebugMaterials/M_VolumeRenderSphereTracePP.uasset" 556
"../../../Engine/Content/EngineDebugMaterials/M_VolumeRenderSphereTracePP.uexp" 557
"../../../Engine/Content/EngineDebugMaterials/M_SimpleUnlitTranslucent.uasset" 558
"../../../Engine/Content/EngineDebugMaterials/M_SimpleUnlitTranslucent.uexp" 559
"../../../Engine/Content/EngineDebugMaterials/DebugMeshMaterial.uasset" 560
"../../../Engine/Content/EngineDebugMaterials/DebugMeshMaterial.uexp" 561
"../../../Engine/Content/EngineDebugMaterials/DebugEditorMaterial.uasset" 562
"../../../Engine/Content/EngineDebugMaterials/DebugEditorMaterial.uexp" 563
"../../../Engine/Content/EngineDamageTypes/DmgTypeBP_Environmental.uasset" 564
"../../../Engine/Content/EngineDamageTypes/DmgTypeBP_Environmental.uexp" 565
"../../../Engine/Content/EditorResources/S_Terrain.ubulk" 566
"../../../Engine/Content/EditorResources/S_Terrain.uasset" 567
"../../../Engine/Content/EditorResources/S_Terrain.uexp" 568
"../../../Engine/Content/EditorResources/S_Solver.ubulk" 569
"../../../Engine/Content/EditorResources/S_Solver.uasset" 570
"../../../Engine/Content/EditorResources/S_Solver.uexp" 571
"../../../Engine/Content/EditorResources/EmptyActor.uasset" 572
"../../../Engine/Content/EditorResources/EmptyActor.uexp" 573
"../../../Engine/Content/EditorResources/BSPVertex.uasset" 574
"../../../Engine/Content/EditorResources/BSPVertex.uexp" 575
"../../../Engine/Content/EditorMaterials/Camera/CineMat.uasset" 576
"../../../Engine/Content/EditorMaterials/Camera/CineMat.uexp" 577
"../../../Engine/Content/EditorMaterials/Camera/MI_CineMat_Rig.uasset" 578
"../../../Engine/Content/EditorMaterials/Camera/MI_CineMat_Rig.uexp" 579
"../../../Engine/Content/EditorMeshes/Camera/SM_RailRig_Track.ubulk" 580
"../../../Engine/Content/EditorMeshes/Camera/SM_RailRig_Track.uasset" 581
"../../../Engine/Content/EditorMeshes/Camera/SM_RailRig_Track.uexp" 582
"../../../Engine/Content/EditorMeshes/Camera/SM_RailRig_Mount.ubulk" 583
"../../../Engine/Content/EditorMeshes/Camera/SM_RailRig_Mount.uasset" 584
"../../../Engine/Content/EditorMeshes/Camera/SM_RailRig_Mount.uexp" 585
"../../../Engine/Content/EditorMeshes/Camera/SM_CraneRig_Mount.ubulk" 586
"../../../Engine/Content/EditorMeshes/Camera/SM_CraneRig_Mount.uasset" 587
"../../../Engine/Content/EditorMeshes/Camera/SM_CraneRig_Mount.uexp" 588
"../../../Engine/Content/EditorMeshes/Camera/SM_CraneRig_Body.ubulk" 589
"../../../Engine/Content/EditorMeshes/Camera/SM_CraneRig_Body.uasset" 590
"../../../Engine/Content/EditorMeshes/Camera/SM_CraneRig_Body.uexp" 591
"../../../Engine/Content/EditorMeshes/Camera/SM_CraneRig_Base.ubulk" 592
"../../../Engine/Content/EditorMeshes/Camera/SM_CraneRig_Base.uasset" 593
"../../../Engine/Content/EditorMeshes/Camera/SM_CraneRig_Base.uexp" 594
"../../../Engine/Content/EditorMeshes/Camera/SM_CraneRig_Arm.ubulk" 595
"../../../Engine/Content/EditorMeshes/Camera/SM_CraneRig_Arm.uasset" 596
"../../../Engine/Content/EditorMeshes/Camera/SM_CraneRig_Arm.uexp" 597
"../../../Engine/Content/EditorMaterials/PreviewShadowIndicator.ubulk" 598
"../../../Engine/Content/EditorMaterials/PreviewShadowIndicator.uasset" 599
"../../../Engine/Content/EditorMaterials/PreviewShadowIndicator.uexp" 600
"../../../Engine/Content/EditorMaterials/PreviewShadowIndicatorMaterial.uasset" 601
"../../../Engine/Content/EditorMaterials/PreviewShadowIndicatorMaterial.uexp" 602
"../../../Engine/Content/EditorMaterials/PhAT_UnselectedMaterial.uasset" 603
"../../../Engine/Content/EditorMaterials/PhAT_UnselectedMaterial.uexp" 604
"../../../Engine/Content/EditorMaterials/PhAT_NoCollisionMaterial.uasset" 605
"../../../Engine/Content/EditorMaterials/PhAT_NoCollisionMaterial.uexp" 606
"../../../Engine/Content/EditorMaterials/ParticleSystems/PSysThumbnail_OOD.ubulk" 607
"../../../Engine/Content/EditorMaterials/ParticleSystems/PSysThumbnail_OOD.uasset" 608
"../../../Engine/Content/EditorMaterials/ParticleSystems/PSysThumbnail_OOD.uexp" 609
"../../../Engine/Content/EditorMaterials/ParticleSystems/PSysThumbnail_NoImage.ubulk" 610
"../../../Engine/Content/EditorMaterials/ParticleSystems/PSysThumbnail_NoImage.uasset" 611
"../../../Engine/Content/EditorMaterials/ParticleSystems/PSysThumbnail_NoImage.uexp" 612
"../../../Engine/Content/EditorMaterials/Dataflow/DataflowVertexMaterial.uasset" 613
"../../../Engine/Content/EditorMaterials/Dataflow/DataflowVertexMaterial.uexp" 614
"../../../Engine/Content/EditorMaterials/Dataflow/DataflowTwoSidedVertexMaterial.uasset" 615
"../../../Engine/Content/EditorMaterials/Dataflow/DataflowTwoSidedVertexMaterial.uexp" 616
"../../../Engine/Content/EditorLandscapeResources/SplineEditorMeshMat.uasset" 617
"../../../Engine/Content/EditorLandscapeResources/SplineEditorMeshMat.uexp" 618
"../../../Engine/Content/EditorLandscapeResources/SplineEditorMesh.ubulk" 619
"../../../Engine/Content/EditorLandscapeResources/SplineEditorMesh.uasset" 620
"../../../Engine/Content/EditorLandscapeResources/SplineEditorMesh.uexp" 621
"../../../Engine/Content/EditorLandscapeResources/DefaultAlphaTexture.uasset" 622
"../../../Engine/Content/EditorLandscapeResources/DefaultAlphaTexture.uexp" 623
"../../../Engine/Content/BasicShapes/Plane.ubulk" 624
"../../../Engine/Content/BasicShapes/Plane.uasset" 625
"../../../Engine/Content/BasicShapes/Plane.uexp" 626
"../../../Engine/Content/EngineMaterials/DefaultMaterial.uasset" 627
"../../../Engine/Content/EngineMaterials/DefaultMaterial.uexp" 628
"../../../Engine/Content/BasicShapes/Cone.ubulk" 629
"../../../Engine/Content/BasicShapes/Cone.uasset" 630
"../../../Engine/Content/BasicShapes/Cone.uexp" 631
"../../../Engine/Plugins/Interchange/Assets/Content/gltf/Textures/T_White_srgb.uasset" 632
"../../../Engine/Plugins/Interchange/Assets/Content/gltf/Textures/T_White_srgb.uexp" 633
"../../../Engine/Plugins/Interchange/Assets/Content/gltf/MaterialFunctions/MF_BaseColor.uasset" 634
"../../../Engine/Plugins/Interchange/Assets/Content/gltf/MaterialFunctions/MF_BaseColor.uexp" 635
"../../../Engine/Plugins/Interchange/Assets/Content/gltf/MaterialFunctions/MF_RotateV2.uasset" 636
"../../../Engine/Plugins/Interchange/Assets/Content/gltf/MaterialFunctions/MF_RotateV2.uexp" 637
"../../../Engine/Plugins/Interchange/Assets/Content/gltf/MaterialFunctions/MF_TransformUVs.uasset" 638
"../../../Engine/Plugins/Interchange/Assets/Content/gltf/MaterialFunctions/MF_TransformUVs.uexp" 639
"../../../Engine/Plugins/Interchange/Assets/Content/gltf/MaterialBodies/MF_Unlit_Body.uasset" 640
"../../../Engine/Plugins/Interchange/Assets/Content/gltf/MaterialBodies/MF_Unlit_Body.uexp" 641
"../../../Engine/Plugins/Interchange/Assets/Content/gltf/M_Unlit.uasset" 642
"../../../Engine/Plugins/Interchange/Assets/Content/gltf/M_Unlit.uexp" 643
"../../../Engine/Plugins/Interchange/Assets/Content/gltf/MaterialInstances/MI_Unlit_Opaque_DS.uasset" 644
"../../../Engine/Plugins/Interchange/Assets/Content/gltf/MaterialInstances/MI_Unlit_Opaque_DS.uexp" 645
"../../../Engine/Plugins/Interchange/Assets/Content/gltf/MaterialInstances/MI_Unlit_Opaque.uasset" 646
"../../../Engine/Plugins/Interchange/Assets/Content/gltf/MaterialInstances/MI_Unlit_Opaque.uexp" 647
"../../../Engine/Plugins/Interchange/Assets/Content/gltf/MaterialInstances/MI_Unlit_Mask_DS.uasset" 648
"../../../Engine/Plugins/Interchange/Assets/Content/gltf/MaterialInstances/MI_Unlit_Mask_DS.uexp" 649
"../../../Engine/Plugins/Interchange/Assets/Content/gltf/MaterialInstances/MI_Unlit_Mask.uasset" 650
"../../../Engine/Plugins/Interchange/Assets/Content/gltf/MaterialInstances/MI_Unlit_Mask.uexp" 651
"../../../Engine/Plugins/Interchange/Assets/Content/gltf/MaterialInstances/MI_Unlit_Blend_DS.uasset" 652
"../../../Engine/Plugins/Interchange/Assets/Content/gltf/MaterialInstances/MI_Unlit_Blend_DS.uexp" 653
"../../../Engine/Plugins/Interchange/Assets/Content/gltf/MaterialInstances/MI_Unlit_Blend.uasset" 654
"../../../Engine/Plugins/Interchange/Assets/Content/gltf/MaterialInstances/MI_Unlit_Blend.uexp" 655
"../../../Engine/Content/Functions/Engine_MaterialFunctions02/Math/Transform3x3Matrix.uasset" 656
"../../../Engine/Content/Functions/Engine_MaterialFunctions02/Math/Transform3x3Matrix.uexp" 657
"../../../Engine/Content/EngineMaterials/Good64x64TilingNoiseHighFreq.uasset" 658
"../../../Engine/Content/EngineMaterials/Good64x64TilingNoiseHighFreq.uexp" 659
"../../../Engine/Content/Functions/Engine_MaterialFunctions02/Texturing/ScreenAlignedPixelToPixelUVs.uasset" 660
"../../../Engine/Content/Functions/Engine_MaterialFunctions02/Texturing/ScreenAlignedPixelToPixelUVs.uexp" 661
"../../../Engine/Plugins/Interchange/Assets/Content/gltf/MaterialFunctions/MF_Temporal_Blur.uasset" 662
"../../../Engine/Plugins/Interchange/Assets/Content/gltf/MaterialFunctions/MF_Temporal_Blur.uexp" 663
"../../../Engine/Plugins/Interchange/Assets/Content/gltf/MaterialFunctions/MF_Specular.uasset" 664
"../../../Engine/Plugins/Interchange/Assets/Content/gltf/MaterialFunctions/MF_Specular.uexp" 665
"../../../Engine/Plugins/Interchange/Assets/Content/gltf/Textures/T_Anisotropy_Direction_Linear.uasset" 666
"../../../Engine/Plugins/Interchange/Assets/Content/gltf/Textures/T_Anisotropy_Direction_Linear.uexp" 667
"../../../Engine/Plugins/Interchange/Assets/Content/gltf/MaterialFunctions/MF_SpecularAnisotropy.uasset" 668
"../../../Engine/Plugins/Interchange/Assets/Content/gltf/MaterialFunctions/MF_SpecularAnisotropy.uexp" 669
"../../../Engine/Plugins/Interchange/Assets/Content/gltf/Textures/T_White_Linear.uasset" 670
"../../../Engine/Plugins/Interchange/Assets/Content/gltf/Textures/T_White_Linear.uexp" 671
"../../../Engine/Plugins/Interchange/Assets/Content/gltf/MaterialFunctions/MF_MetallicRoughness.uasset" 672
"../../../Engine/Plugins/Interchange/Assets/Content/gltf/MaterialFunctions/MF_MetallicRoughness.uexp" 673
"../../../Engine/Plugins/Interchange/Assets/Content/gltf/Textures/T_Generic_N.uasset" 674
"../../../Engine/Plugins/Interchange/Assets/Content/gltf/Textures/T_Generic_N.uexp" 675
"../../../Engine/Plugins/Interchange/Assets/Content/gltf/MaterialFunctions/MF_ScaleNormal.uasset" 676
"../../../Engine/Plugins/Interchange/Assets/Content/gltf/MaterialFunctions/MF_ScaleNormal.uexp" 677
"../../../Engine/Plugins/Interchange/Assets/Content/gltf/MaterialFunctions/MF_Fresnel_DS.uasset" 678
"../../../Engine/Plugins/Interchange/Assets/Content/gltf/MaterialFunctions/MF_Fresnel_DS.uexp" 679
"../../../Engine/Plugins/Interchange/Assets/Content/gltf/MaterialFunctions/MF_Iridescence.uasset" 680
"../../../Engine/Plugins/Interchange/Assets/Content/gltf/MaterialFunctions/MF_Iridescence.uexp" 681
"../../../Engine/Plugins/Interchange/Assets/Content/gltf/MaterialFunctions/MF_Occlusion.uasset" 682
"../../../Engine/Plugins/Interchange/Assets/Content/gltf/MaterialFunctions/MF_Occlusion.uexp" 683
"../../../Engine/Plugins/Interchange/Assets/Content/gltf/MaterialFunctions/MF_IOR.uasset" 684
"../../../Engine/Plugins/Interchange/Assets/Content/gltf/MaterialFunctions/MF_IOR.uexp" 685
"../../../Engine/Plugins/Interchange/Assets/Content/gltf/MaterialFunctions/MF_Transmission.uasset" 686
"../../../Engine/Plugins/Interchange/Assets/Content/gltf/MaterialFunctions/MF_Transmission.uexp" 687
"../../../Engine/Plugins/Interchange/Assets/Content/gltf/MaterialFunctions/MF_RotateNormals_TS.uasset" 688
"../../../Engine/Plugins/Interchange/Assets/Content/gltf/MaterialFunctions/MF_RotateNormals_TS.uexp" 689
"../../../Engine/Plugins/Interchange/Assets/Content/gltf/MaterialFunctions/MF_Normals.uasset" 690
"../../../Engine/Plugins/Interchange/Assets/Content/gltf/MaterialFunctions/MF_Normals.uexp" 691
"../../../Engine/Plugins/Interchange/Assets/Content/gltf/MaterialBodies/MF_Transmission_Body.uasset" 692
"../../../Engine/Plugins/Interchange/Assets/Content/gltf/MaterialBodies/MF_Transmission_Body.uexp" 693
"../../../Engine/Plugins/Interchange/Assets/Content/gltf/M_Transmission.uasset" 694
"../../../Engine/Plugins/Interchange/Assets/Content/gltf/M_Transmission.uexp" 695
"../../../Engine/Plugins/Interchange/Assets/Content/gltf/MaterialInstances/MI_Transmission_DS.uasset" 696
"../../../Engine/Plugins/Interchange/Assets/Content/gltf/MaterialInstances/MI_Transmission_DS.uexp" 697
"../../../Engine/Plugins/Interchange/Assets/Content/gltf/MaterialInstances/MI_Transmission.uasset" 698
"../../../Engine/Plugins/Interchange/Assets/Content/gltf/MaterialInstances/MI_Transmission.uexp" 699
"../../../Engine/Content/Functions/Engine_MaterialFunctions02/Math/AddComponents.uasset" 700
"../../../Engine/Content/Functions/Engine_MaterialFunctions02/Math/AddComponents.uexp" 701
"../../../Engine/Plugins/Interchange/Assets/Content/gltf/MaterialFunctions/MF_DiffuseSpecGloss.uasset" 702
"../../../Engine/Plugins/Interchange/Assets/Content/gltf/MaterialFunctions/MF_DiffuseSpecGloss.uexp" 703
"../../../Engine/Plugins/Interchange/Assets/Content/gltf/MaterialFunctions/MF_Emissive.uasset" 704
"../../../Engine/Plugins/Interchange/Assets/Content/gltf/MaterialFunctions/MF_Emissive.uexp" 705
"../../../Engine/Plugins/Interchange/Assets/Content/gltf/MaterialFunctions/MF_PerceivedBrightness.uasset" 706
"../../../Engine/Plugins/Interchange/Assets/Content/gltf/MaterialFunctions/MF_PerceivedBrightness.uexp" 707
"../../../Engine/Plugins/Interchange/Assets/Content/gltf/MaterialFunctions/MF_SpecGlossToMetalRoughness.uasset" 708
"../../../Engine/Plugins/Interchange/Assets/Content/gltf/MaterialFunctions/MF_SpecGlossToMetalRoughness.uexp" 709
"../../../Engine/Plugins/Interchange/Assets/Content/gltf/MaterialFunctions/MF_MaxComponentValue.uasset" 710
"../../../Engine/Plugins/Interchange/Assets/Content/gltf/MaterialFunctions/MF_MaxComponentValue.uexp" 711
"../../../Engine/Plugins/Interchange/Assets/Content/gltf/MaterialBodies/MF_SpecularGlossiness_Body.uasset" 712
"../../../Engine/Plugins/Interchange/Assets/Content/gltf/MaterialBodies/MF_SpecularGlossiness_Body.uexp" 713
"../../../Engine/Plugins/Interchange/Assets/Content/gltf/M_SpecularGlossiness.uasset" 714
"../../../Engine/Plugins/Interchange/Assets/Content/gltf/M_SpecularGlossiness.uexp" 715
"../../../Engine/Plugins/Interchange/Assets/Content/gltf/MaterialInstances/MI_SpecularGlossiness_Opaque_DS.uasset" 716
"../../../Engine/Plugins/Interchange/Assets/Content/gltf/MaterialInstances/MI_SpecularGlossiness_Opaque_DS.uexp" 717
"../../../Engine/Plugins/Interchange/Assets/Content/gltf/MaterialInstances/MI_SpecularGlossiness_Opaque.uasset" 718
"../../../Engine/Plugins/Interchange/Assets/Content/gltf/MaterialInstances/MI_SpecularGlossiness_Opaque.uexp" 719
"../../../Engine/Plugins/Interchange/Assets/Content/gltf/MaterialInstances/MI_SpecularGlossiness_Mask_DS.uasset" 720
"../../../Engine/Plugins/Interchange/Assets/Content/gltf/MaterialInstances/MI_SpecularGlossiness_Mask_DS.uexp" 721
"../../../Engine/Plugins/Interchange/Assets/Content/gltf/MaterialInstances/MI_SpecularGlossiness_Mask.uasset" 722
"../../../Engine/Plugins/Interchange/Assets/Content/gltf/MaterialInstances/MI_SpecularGlossiness_Mask.uexp" 723
"../../../Engine/Plugins/Interchange/Assets/Content/gltf/MaterialInstances/MI_SpecularGlossiness_Blend_DS.uasset" 724
"../../../Engine/Plugins/Interchange/Assets/Content/gltf/MaterialInstances/MI_SpecularGlossiness_Blend_DS.uexp" 725
"../../../Engine/Plugins/Interchange/Assets/Content/gltf/MaterialInstances/MI_SpecularGlossiness_Blend.uasset" 726
"../../../Engine/Plugins/Interchange/Assets/Content/gltf/MaterialInstances/MI_SpecularGlossiness_Blend.uexp" 727
"../../../Engine/Plugins/Interchange/Assets/Content/gltf/MaterialFunctions/MF_Sheen.uasset" 728
"../../../Engine/Plugins/Interchange/Assets/Content/gltf/MaterialFunctions/MF_Sheen.uexp" 729
"../../../Engine/Plugins/Interchange/Assets/Content/gltf/MaterialBodies/MF_Sheen_Body.uasset" 730
"../../../Engine/Plugins/Interchange/Assets/Content/gltf/MaterialBodies/MF_Sheen_Body.uexp" 731
"../../../Engine/Plugins/Interchange/Assets/Content/gltf/M_Sheen.uasset" 732
"../../../Engine/Plugins/Interchange/Assets/Content/gltf/M_Sheen.uexp" 733
"../../../Engine/Plugins/Interchange/Assets/Content/gltf/MaterialInstances/MI_Sheen_Opaque_DS.uasset" 734
"../../../Engine/Plugins/Interchange/Assets/Content/gltf/MaterialInstances/MI_Sheen_Opaque_DS.uexp" 735
"../../../Engine/Plugins/Interchange/Assets/Content/gltf/MaterialInstances/MI_Sheen_Opaque.uasset" 736
"../../../Engine/Plugins/Interchange/Assets/Content/gltf/MaterialInstances/MI_Sheen_Opaque.uexp" 737
"../../../Engine/Plugins/Interchange/Assets/Content/gltf/MaterialInstances/MI_Sheen_Mask_DS.uasset" 738
"../../../Engine/Plugins/Interchange/Assets/Content/gltf/MaterialInstances/MI_Sheen_Mask_DS.uexp" 739
"../../../Engine/Plugins/Interchange/Assets/Content/gltf/MaterialInstances/MI_Sheen_Mask.uasset" 740
"../../../Engine/Plugins/Interchange/Assets/Content/gltf/MaterialInstances/MI_Sheen_Mask.uexp" 741
"../../../Engine/Plugins/Interchange/Assets/Content/gltf/MaterialInstances/MI_Sheen_Blend_DS.uasset" 742
"../../../Engine/Plugins/Interchange/Assets/Content/gltf/MaterialInstances/MI_Sheen_Blend_DS.uexp" 743
"../../../Engine/Plugins/Interchange/Assets/Content/gltf/MaterialInstances/MI_Sheen_Blend.uasset" 744
"../../../Engine/Plugins/Interchange/Assets/Content/gltf/MaterialInstances/MI_Sheen_Blend.uexp" 745
"../../../Engine/Plugins/Interchange/Assets/Content/gltf/MaterialBodies/MF_Default_Body.uasset" 746
"../../../Engine/Plugins/Interchange/Assets/Content/gltf/MaterialBodies/MF_Default_Body.uexp" 747
"../../../Engine/Plugins/Interchange/Assets/Content/gltf/M_Default.uasset" 748
"../../../Engine/Plugins/Interchange/Assets/Content/gltf/M_Default.uexp" 749
"../../../Engine/Plugins/Interchange/Assets/Content/gltf/MaterialInstances/MI_Default_Opaque_DS.uasset" 750
"../../../Engine/Plugins/Interchange/Assets/Content/gltf/MaterialInstances/MI_Default_Opaque_DS.uexp" 751
"../../../Engine/Plugins/Interchange/Assets/Content/gltf/MaterialInstances/MI_Default_Opaque.uasset" 752
"../../../Engine/Plugins/Interchange/Assets/Content/gltf/MaterialInstances/MI_Default_Opaque.uexp" 753
"../../../Engine/Plugins/Interchange/Assets/Content/gltf/MaterialInstances/MI_Default_Mask_DS.uasset" 754
"../../../Engine/Plugins/Interchange/Assets/Content/gltf/MaterialInstances/MI_Default_Mask_DS.uexp" 755
"../../../Engine/Plugins/Interchange/Assets/Content/gltf/MaterialInstances/MI_Default_Mask.uasset" 756
"../../../Engine/Plugins/Interchange/Assets/Content/gltf/MaterialInstances/MI_Default_Mask.uexp" 757
"../../../Engine/Plugins/Interchange/Assets/Content/gltf/MaterialInstances/MI_Default_Blend_DS.uasset" 758
"../../../Engine/Plugins/Interchange/Assets/Content/gltf/MaterialInstances/MI_Default_Blend_DS.uexp" 759
"../../../Engine/Plugins/Interchange/Assets/Content/gltf/MaterialInstances/MI_Default_Blend.uasset" 760
"../../../Engine/Plugins/Interchange/Assets/Content/gltf/MaterialInstances/MI_Default_Blend.uexp" 761
"../../../Engine/Content/Functions/Engine_MaterialFunctions01/Texturing/FlattenNormal.uasset" 762
"../../../Engine/Content/Functions/Engine_MaterialFunctions01/Texturing/FlattenNormal.uexp" 763
"../../../Engine/Plugins/Interchange/Assets/Content/gltf/MaterialFunctions/MF_Clearcoat.uasset" 764
"../../../Engine/Plugins/Interchange/Assets/Content/gltf/MaterialFunctions/MF_Clearcoat.uexp" 765
"../../../Engine/Plugins/Interchange/Assets/Content/gltf/MaterialBodies/MF_ClearCoat_Body.uasset" 766
"../../../Engine/Plugins/Interchange/Assets/Content/gltf/MaterialBodies/MF_ClearCoat_Body.uexp" 767
"../../../Engine/Plugins/Interchange/Assets/Content/gltf/M_ClearCoat.uasset" 768
"../../../Engine/Plugins/Interchange/Assets/Content/gltf/M_ClearCoat.uexp" 769
"../../../Engine/Plugins/Interchange/Assets/Content/gltf/MaterialInstances/MI_ClearCoat_Opaque_DS.uasset" 770
"../../../Engine/Plugins/Interchange/Assets/Content/gltf/MaterialInstances/MI_ClearCoat_Opaque_DS.uexp" 771
"../../../Engine/Plugins/Interchange/Assets/Content/gltf/MaterialInstances/MI_ClearCoat_Opaque.uasset" 772
"../../../Engine/Plugins/Interchange/Assets/Content/gltf/MaterialInstances/MI_ClearCoat_Opaque.uexp" 773
"../../../Engine/Plugins/Interchange/Assets/Content/gltf/MaterialInstances/MI_ClearCoat_Mask_DS.uasset" 774
"../../../Engine/Plugins/Interchange/Assets/Content/gltf/MaterialInstances/MI_ClearCoat_Mask_DS.uexp" 775
"../../../Engine/Plugins/Interchange/Assets/Content/gltf/MaterialInstances/MI_ClearCoat_Mask.uasset" 776
"../../../Engine/Plugins/Interchange/Assets/Content/gltf/MaterialInstances/MI_ClearCoat_Mask.uexp" 777
"../../../Engine/Plugins/Interchange/Assets/Content/gltf/MaterialInstances/MI_ClearCoat_Blend_DS.uasset" 778
"../../../Engine/Plugins/Interchange/Assets/Content/gltf/MaterialInstances/MI_ClearCoat_Blend_DS.uexp" 779
"../../../Engine/Plugins/Interchange/Assets/Content/gltf/MaterialInstances/MI_ClearCoat_Blend.uasset" 780
"../../../Engine/Plugins/Interchange/Assets/Content/gltf/MaterialInstances/MI_ClearCoat_Blend.uexp" 781
"../../../Engine/Content/VREditor/TransformGizmo/Main.uasset" 782
"../../../Engine/Content/VREditor/TransformGizmo/Main.uexp" 783
"../../../Engine/Content/VREditor/TransformGizmo/Xray.uasset" 784
"../../../Engine/Content/VREditor/TransformGizmo/Xray.uexp" 785
"../../../Engine/Content/VREditor/TransformGizmo/SM_Sequencer_Node.ubulk" 786
"../../../Engine/Content/VREditor/TransformGizmo/SM_Sequencer_Node.uasset" 787
"../../../Engine/Content/VREditor/TransformGizmo/SM_Sequencer_Node.uexp" 788
"../../../Engine/Content/VREditor/LaserPointer/VR_LaserPower_01.ubulk" 789
"../../../Engine/Content/VREditor/LaserPointer/VR_LaserPower_01.uasset" 790
"../../../Engine/Content/VREditor/LaserPointer/VR_LaserPower_01.uexp" 791
"../../../Engine/Content/VREditor/TransformGizmo/TransformGizmoMaterial.uasset" 792
"../../../Engine/Content/VREditor/TransformGizmo/TransformGizmoMaterial.uexp" 793
"../../../Engine/Content/VREditor/TransformGizmo/TranslucentTransformGizmoMaterial.uasset" 794
"../../../Engine/Content/VREditor/TransformGizmo/TranslucentTransformGizmoMaterial.uexp" 795
"../../../Engine/Content/VREditor/TransformGizmo/BoundingBoxEdge.ubulk" 796
"../../../Engine/Content/VREditor/TransformGizmo/BoundingBoxEdge.uasset" 797
"../../../Engine/Content/VREditor/TransformGizmo/BoundingBoxEdge.uexp" 798
"../../../Engine/Content/VREditor/TransformGizmo/BoundingBoxCorner.ubulk" 799
"../../../Engine/Content/VREditor/TransformGizmo/BoundingBoxCorner.uasset" 800
"../../../Engine/Content/VREditor/TransformGizmo/BoundingBoxCorner.uexp" 801
"../../../Engine/Content/EngineSky/VolumetricClouds/T_CloudMask.ubulk" 802
"../../../Engine/Content/EngineSky/VolumetricClouds/T_CloudMask.uasset" 803
"../../../Engine/Content/EngineSky/VolumetricClouds/T_CloudMask.uexp" 804
"../../../Engine/Content/EngineSky/VolumetricClouds/VT_Lightning.uasset" 805
"../../../Engine/Content/EngineSky/VolumetricClouds/VT_Lightning.uexp" 806
"../../../Engine/Content/EngineSky/VolumetricClouds/T_Profile_08.ubulk" 807
"../../../Engine/Content/EngineSky/VolumetricClouds/T_Profile_08.uasset" 808
"../../../Engine/Content/EngineSky/VolumetricClouds/T_Profile_08.uexp" 809
"../../../Engine/Content/Functions/Engine_MaterialFunctions02/Utility/MakeFloat4.uasset" 810
"../../../Engine/Content/Functions/Engine_MaterialFunctions02/Utility/MakeFloat4.uexp" 811
"../../../Engine/Content/Functions/Engine_MaterialFunctions01/Units/Km-to-Cm.uasset" 812
"../../../Engine/Content/Functions/Engine_MaterialFunctions01/Units/Km-to-Cm.uexp" 813
"../../../Engine/Content/Functions/Engine_MaterialFunctions02/Utility/BreakOutFloat4Components.uasset" 814
"../../../Engine/Content/Functions/Engine_MaterialFunctions02/Utility/BreakOutFloat4Components.uexp" 815
"../../../Engine/Content/EngineSky/VolumetricClouds/T_CloudPattern.ubulk" 816
"../../../Engine/Content/EngineSky/VolumetricClouds/T_CloudPattern.uasset" 817
"../../../Engine/Content/EngineSky/VolumetricClouds/T_CloudPattern.uexp" 818
"../../../Engine/Content/EngineSky/VolumetricClouds/VT_PerlinWorley_Balanced.uasset" 819
"../../../Engine/Content/EngineSky/VolumetricClouds/VT_PerlinWorley_Balanced.uexp" 820
"../../../Engine/Content/EngineSky/VolumetricClouds/m_SimpleVolumetricCloud.uasset" 821
"../../../Engine/Content/EngineSky/VolumetricClouds/m_SimpleVolumetricCloud.uexp" 822
"../../../Engine/Content/EngineSky/VolumetricClouds/m_SimpleVolumetricCloud_Inst.uasset" 823
"../../../Engine/Content/EngineSky/VolumetricClouds/m_SimpleVolumetricCloud_Inst.uexp" 824
"../../../Engine/Content/EngineResources/FilmGrains/Marcie_Grain_v3_128_M2_000.uasset" 825
"../../../Engine/Content/EngineResources/FilmGrains/Marcie_Grain_v3_128_M2_000.uexp" 826
"../../../Engine/Content/EngineMaterials/LTC/Sheen_LTC.uasset" 827
"../../../Engine/Content/EngineMaterials/LTC/Sheen_LTC.uexp" 828
"../../../Engine/Content/EngineMaterials/LTC/GGX_LTCMat.uasset" 829
"../../../Engine/Content/EngineMaterials/LTC/GGX_LTCMat.uexp" 830
"../../../Engine/Content/EngineMaterials/LTC/GGX_LTCAmp.uasset" 831
"../../../Engine/Content/EngineMaterials/LTC/GGX_LTCAmp.uexp" 832
"../../../Engine/Content/EngineMaterials/EnergyConservation/Sheen_Energy.uasset" 833
"../../../Engine/Content/EngineMaterials/EnergyConservation/Sheen_Energy.uexp" 834
"../../../Engine/Content/EngineMaterials/EnergyConservation/SheenLegacy_Energy.uasset" 835
"../../../Engine/Content/EngineMaterials/EnergyConservation/SheenLegacy_Energy.uexp" 836
"../../../Engine/Content/EngineMaterials/EnergyConservation/GGX_TransmissionEnergyArray.uasset" 837
"../../../Engine/Content/EngineMaterials/EnergyConservation/GGX_TransmissionEnergyArray.uexp" 838
"../../../Engine/Content/EngineMaterials/EnergyConservation/GGX_ReflectionEnergy.uasset" 839
"../../../Engine/Content/EngineMaterials/EnergyConservation/GGX_ReflectionEnergy.uexp" 840
"../../../Engine/Content/EngineMaterials/EnergyConservation/Diffuse_Energy.uasset" 841
"../../../Engine/Content/EngineMaterials/EnergyConservation/Diffuse_Energy.uexp" 842
"../../../Engine/Content/EditorResources/SequenceRecorder/RecordingIndicator.uasset" 843
"../../../Engine/Content/EditorResources/SequenceRecorder/RecordingIndicator.uexp" 844
"../../../Engine/Content/EditorResources/SequenceRecorder/Countdown.uasset" 845
"../../../Engine/Content/EditorResources/SequenceRecorder/Countdown.uexp" 846
"../../../Engine/Content/Functions/Engine_MaterialFunctions01/Shading/PowerToRoughness.uasset" 847
"../../../Engine/Content/Functions/Engine_MaterialFunctions01/Shading/PowerToRoughness.uexp" 848
"../../../Engine/Content/Functions/Engine_MaterialFunctions01/Shading/ConvertFromDiffSpec.uasset" 849
"../../../Engine/Content/Functions/Engine_MaterialFunctions01/Shading/ConvertFromDiffSpec.uexp" 850
"../../../Engine/Content/EngineMaterials/Substrate/Volume/SubstrateSimpleVolumeLUT3D.uasset" 851
"../../../Engine/Content/EngineMaterials/Substrate/Volume/SubstrateSimpleVolumeLUT3D.uexp" 852
"../../../Engine/Content/EngineMaterials/Substrate/Volume/SubstrateSimpleVolumeEnvLUT3D.uasset" 853
"../../../Engine/Content/EngineMaterials/Substrate/Volume/SubstrateSimpleVolumeEnvLUT3D.uexp" 854
"../../../Engine/Content/EngineMaterials/Substrate/GLints2/AGlintTex2dArray2.uasset" 855
"../../../Engine/Content/EngineMaterials/Substrate/GLints2/AGlintTex2dArray2.uexp" 856
"../../../Engine/Content/EngineMaterials/Substrate/GLints/AGlintTex2dArray.uasset" 857
"../../../Engine/Content/EngineMaterials/Substrate/GLints/AGlintTex2dArray.uexp" 858
"../../../Engine/Content/ArtTools/RenderToTexture/Meshes/S_1_Unit_Plane.ubulk" 859
"../../../Engine/Content/ArtTools/RenderToTexture/Meshes/S_1_Unit_Plane.uasset" 860
"../../../Engine/Content/ArtTools/RenderToTexture/Meshes/S_1_Unit_Plane.uexp" 861
"../../../Engine/Content/EngineResources/LandscapeVisibilityLayerInfo.uasset" 862
"../../../Engine/Content/EngineResources/LandscapeVisibilityLayerInfo.uexp" 863
"../../../Engine/Content/VREditor/TransformGizmo/StartRotationHandleIndicator.ubulk" 864
"../../../Engine/Content/VREditor/TransformGizmo/StartRotationHandleIndicator.uasset" 865
"../../../Engine/Content/VREditor/TransformGizmo/StartRotationHandleIndicator.uexp" 866
"../../../Engine/Content/VREditor/Sounds/UI/Drop_Item_From_ContentBrowser.ubulk" 867
"../../../Engine/Content/VREditor/Sounds/UI/Drop_Item_From_ContentBrowser.uasset" 868
"../../../Engine/Content/VREditor/Sounds/UI/Drop_Item_From_ContentBrowser.uexp" 869
"../../../Engine/Content/VREditor/TransformGizmo/PlaneTranslationHandle.ubulk" 870
"../../../Engine/Content/VREditor/TransformGizmo/PlaneTranslationHandle.uasset" 871
"../../../Engine/Content/VREditor/TransformGizmo/PlaneTranslationHandle.uexp" 872
"../../../Engine/Content/VREditor/Sounds/UI/Object_Snaps_To_Grid.ubulk" 873
"../../../Engine/Content/VREditor/Sounds/UI/Object_Snaps_To_Grid.uasset" 874
"../../../Engine/Content/VREditor/Sounds/UI/Object_Snaps_To_Grid.uexp" 875
"../../../Engine/Content/VREditor/Sounds/UI/Selection_Changes.ubulk" 876
"../../../Engine/Content/VREditor/Sounds/UI/Selection_Changes.uasset" 877
"../../../Engine/Content/VREditor/Sounds/UI/Selection_Changes.uexp" 878
"../../../Engine/Content/VREditor/Sounds/UI/Object_Snaps_To_Another_Actor.ubulk" 879
"../../../Engine/Content/VREditor/Sounds/UI/Object_Snaps_To_Another_Actor.uasset" 880
"../../../Engine/Content/VREditor/Sounds/UI/Object_Snaps_To_Another_Actor.uexp" 881
"../../../Engine/Content/VREditor/TransformGizmo/TranslucentTransformGizmoMaterial_Inst.uasset" 882
"../../../Engine/Content/VREditor/TransformGizmo/TranslucentTransformGizmoMaterial_Inst.uexp" 883
"../../../Engine/Content/VREditor/TransformGizmo/TransformGizmoFreeRotation.ubulk" 884
"../../../Engine/Content/VREditor/TransformGizmo/TransformGizmoFreeRotation.uasset" 885
"../../../Engine/Content/VREditor/TransformGizmo/TransformGizmoFreeRotation.uexp" 886
"../../../Engine/Content/VREditor/Sounds/UI/Scaling_Down.ubulk" 887
"../../../Engine/Content/VREditor/Sounds/UI/Scaling_Down.uasset" 888
"../../../Engine/Content/VREditor/Sounds/UI/Scaling_Down.uexp" 889
"../../../Engine/Content/Functions/Engine_MaterialFunctions02/SplitComponents.uasset" 890
"../../../Engine/Content/Functions/Engine_MaterialFunctions02/SplitComponents.uexp" 891
"../../../Engine/Content/VREditor/SnapGrid/SnapGridMaterial.uasset" 892
"../../../Engine/Content/VREditor/SnapGrid/SnapGridMaterial.uexp" 893
"../../../Engine/Content/VREditor/SnapGrid/SnapGridPlaneMesh.ubulk" 894
"../../../Engine/Content/VREditor/SnapGrid/SnapGridPlaneMesh.uasset" 895
"../../../Engine/Content/VREditor/SnapGrid/SnapGridPlaneMesh.uexp" 896
"../../../Engine/Content/VREditor/Sounds/UI/Scaling_Up.ubulk" 897
"../../../Engine/Content/VREditor/Sounds/UI/Scaling_Up.uasset" 898
"../../../Engine/Content/VREditor/Sounds/UI/Scaling_Up.uexp" 899
"../../../Engine/Content/VREditor/TransformGizmo/TransformGizmoMaterial_Inst.uasset" 900
"../../../Engine/Content/VREditor/TransformGizmo/TransformGizmoMaterial_Inst.uexp" 901
"../../../Engine/Content/VREditor/Sounds/UI/Gizmo_Handle_Clicked.ubulk" 902
"../../../Engine/Content/VREditor/Sounds/UI/Gizmo_Handle_Clicked.uasset" 903
"../../../Engine/Content/VREditor/Sounds/UI/Gizmo_Handle_Clicked.uexp" 904
"../../../Engine/Content/VREditor/TransformGizmo/RotationHandleQuarter.ubulk" 905
"../../../Engine/Content/VREditor/TransformGizmo/RotationHandleQuarter.uasset" 906
"../../../Engine/Content/VREditor/TransformGizmo/RotationHandleQuarter.uexp" 907
"../../../Engine/Content/VREditor/TransformGizmo/TranslateArrowHandle.ubulk" 908
"../../../Engine/Content/VREditor/TransformGizmo/TranslateArrowHandle.uasset" 909
"../../../Engine/Content/VREditor/TransformGizmo/TranslateArrowHandle.uexp" 910
"../../../Engine/Content/VREditor/TransformGizmo/RotationHandleIndicator.ubulk" 911
"../../../Engine/Content/VREditor/TransformGizmo/RotationHandleIndicator.uasset" 912
"../../../Engine/Content/VREditor/TransformGizmo/RotationHandleIndicator.uexp" 913
"../../../Engine/Content/VREditor/TransformGizmo/UniformScaleHandle.ubulk" 914
"../../../Engine/Content/VREditor/TransformGizmo/UniformScaleHandle.uasset" 915
"../../../Engine/Content/VREditor/TransformGizmo/UniformScaleHandle.uexp" 916
"../../../Engine/Content/VREditor/TransformGizmo/RotationHandleFull.ubulk" 917
"../../../Engine/Content/VREditor/TransformGizmo/RotationHandleFull.uasset" 918
"../../../Engine/Content/VREditor/TransformGizmo/RotationHandleFull.uexp" 919
"../../../Engine/Content/VREditor/Sounds/UI/Object_PickUp.ubulk" 920
"../../../Engine/Content/VREditor/Sounds/UI/Object_PickUp.uasset" 921
"../../../Engine/Content/VREditor/Sounds/UI/Object_PickUp.uexp" 922
"../../../Engine/Plugins/Animation/DeformerGraph/Content/DeformerFunctions/DG_Function_ComputeNormalsTangents.uasset" 923
"../../../Engine/Plugins/Animation/DeformerGraph/Content/DeformerFunctions/DG_Function_ComputeNormalsTangents.uexp" 924
"../../../Engine/Plugins/Animation/DeformerGraph/Content/DeformerFunctions/DG_Function_LinearBlendSkin_Morph_Cloth.uasset" 925
"../../../Engine/Plugins/Animation/DeformerGraph/Content/DeformerFunctions/DG_Function_LinearBlendSkin_Morph_Cloth.uexp" 926
"../../../Engine/Plugins/Animation/DeformerGraph/Content/DeformerFunctions/DG_Function_LinearBlendSkin_Morph_Cloth_PositionOnly.uasset" 927
"../../../Engine/Plugins/Animation/DeformerGraph/Content/DeformerFunctions/DG_Function_LinearBlendSkin_Morph_Cloth_PositionOnly.uexp" 928
"../../../Engine/Plugins/Animation/DeformerGraph/Content/Deformers/DG_LinearBlendSkin_Morph_Cloth.uasset" 929
"../../../Engine/Plugins/Animation/DeformerGraph/Content/Deformers/DG_LinearBlendSkin_Morph_Cloth.uexp" 930
"../../../Engine/Plugins/Animation/DeformerGraph/Content/Deformers/DG_LinearBlendSkin_Morph_Cloth_RecomputeNormals.uasset" 931
"../../../Engine/Plugins/Animation/DeformerGraph/Content/Deformers/DG_LinearBlendSkin_Morph_Cloth_RecomputeNormals.uexp" 932
"../../../Engine/Plugins/NNE/NNEDenoiser/Content/NNEDT_Oidn2-3_Balanced.uasset" 933
"../../../Engine/Plugins/NNE/NNEDenoiser/Content/NNEDT_Oidn2-3_Balanced.uexp" 934
"../../../Engine/Plugins/NNE/NNEDenoiser/Content/NNEDT_Oidn2-3_Balanced_Alpha.uasset" 935
"../../../Engine/Plugins/NNE/NNEDenoiser/Content/NNEDT_Oidn2-3_Balanced_Alpha.uexp" 936
"../../../Engine/Plugins/NNE/NNEDenoiser/Content/NNED_Oidn2-3_Balanced.uasset" 937
"../../../Engine/Plugins/NNE/NNEDenoiser/Content/NNED_Oidn2-3_Balanced.uexp" 938
"../../../Engine/Plugins/NNE/NNEDenoiser/Content/NNED_Oidn2-3_Balanced_Alpha.uasset" 939
"../../../Engine/Plugins/NNE/NNEDenoiser/Content/NNED_Oidn2-3_Balanced_Alpha.uexp" 940
"../../../Engine/Plugins/NNE/NNEDenoiser/Content/NNED_Oidn2-3_Fast.uasset" 941
"../../../Engine/Plugins/NNE/NNEDenoiser/Content/NNED_Oidn2-3_Fast.uexp" 942
"../../../Engine/Plugins/NNE/NNEDenoiser/Content/NNED_Oidn2-3_Fast_Alpha.uasset" 943
"../../../Engine/Plugins/NNE/NNEDenoiser/Content/NNED_Oidn2-3_Fast_Alpha.uexp" 944
"../../../Engine/Plugins/NNE/NNEDenoiser/Content/NNED_Oidn2-3_HighQuality.uasset" 945
"../../../Engine/Plugins/NNE/NNEDenoiser/Content/NNED_Oidn2-3_HighQuality.uexp" 946
"../../../Engine/Plugins/NNE/NNEDenoiser/Content/NNED_Oidn2-3_HighQuality_Alpha.uasset" 947
"../../../Engine/Plugins/NNE/NNEDenoiser/Content/NNED_Oidn2-3_HighQuality_Alpha.uexp" 948
"../../../Engine/Plugins/NNE/NNEDenoiser/Content/NNE_oidn2-3-0_rt_hdr_alb_nrm_small__dyn__fp16_opset11_DenoiseAlpha.uasset" 949
"../../../Engine/Plugins/NNE/NNEDenoiser/Content/NNE_oidn2-3-0_rt_hdr_alb_nrm_small__dyn__fp16_opset11_DenoiseAlpha.uexp" 950
"../../../Engine/Plugins/NNE/NNEDenoiser/Content/NNE_oidn2-3-0_rt_hdr_alb_nrm_small__dyn__fp16_opset11_ForwardAlpha.uasset" 951
"../../../Engine/Plugins/NNE/NNEDenoiser/Content/NNE_oidn2-3-0_rt_hdr_alb_nrm_small__dyn__fp16_opset11_ForwardAlpha.uexp" 952
"../../../Engine/Plugins/NNE/NNEDenoiser/Content/NNE_oidn2-3-0_rt_hdr_alb_nrm__dyn__fp16_opset11_DenoiseAlpha.uasset" 953
"../../../Engine/Plugins/NNE/NNEDenoiser/Content/NNE_oidn2-3-0_rt_hdr_alb_nrm__dyn__fp16_opset11_DenoiseAlpha.uexp" 954
"../../../Engine/Plugins/NNE/NNEDenoiser/Content/NNE_oidn2-3-0_rt_hdr_alb_nrm__dyn__fp16_opset11_ForwardAlpha.uasset" 955
"../../../Engine/Plugins/NNE/NNEDenoiser/Content/NNE_oidn2-3-0_rt_hdr_alb_nrm__dyn__fp16_opset11_ForwardAlpha.uexp" 956
"../../../Engine/Plugins/NNE/NNEDenoiser/Content/NNE_oidn2-3-0_rt_hdr_calb_cnrm_large__dyn__fp16_opset11_DenoiseAlpha.uasset" 957
"../../../Engine/Plugins/NNE/NNEDenoiser/Content/NNE_oidn2-3-0_rt_hdr_calb_cnrm_large__dyn__fp16_opset11_DenoiseAlpha.uexp" 958
"../../../Engine/Plugins/NNE/NNEDenoiser/Content/NNE_oidn2-3-0_rt_hdr_calb_cnrm_large__dyn__fp16_opset11_ForwardAlpha.uasset" 959
"../../../Engine/Plugins/NNE/NNEDenoiser/Content/NNE_oidn2-3-0_rt_hdr_calb_cnrm_large__dyn__fp16_opset11_ForwardAlpha.uexp" 960
"C:/Users/Thomas/Documents/GitHub/LL-Arcade-Game/UE Project/FantasyCombat/Content/UI/UIAssets/runescape_uf.uexp" 961
"C:/Users/Thomas/Documents/GitHub/LL-Arcade-Game/UE Project/FantasyCombat/Content/UI/UIAssets/runescape_uf.uasset" 962
"C:/Users/Thomas/Documents/GitHub/LL-Arcade-Game/UE Project/FantasyCombat/Content/UI/UIAssets/runescape_uf.ufont" 963
"C:/Users/Thomas/Documents/GitHub/LL-Arcade-Game/UE Project/FantasyCombat/Content/UI/UIAssets/runescape_uf_Font.uasset" 964
"C:/Users/Thomas/Documents/GitHub/LL-Arcade-Game/UE Project/FantasyCombat/Content/UI/UIAssets/runescape_uf_Font.uexp" 965
"C:/Users/Thomas/Documents/GitHub/LL-Arcade-Game/UE Project/FantasyCombat/Content/UI/WBP_TitleScreen.uasset" 966
"C:/Users/Thomas/Documents/GitHub/LL-Arcade-Game/UE Project/FantasyCombat/Content/UI/WBP_TitleScreen.uexp" 967
"C:/Users/Thomas/Documents/GitHub/LL-Arcade-Game/UE Project/FantasyCombat/Content/Levels/L_TitleScreen.uexp" 968
"C:/Users/Thomas/Documents/GitHub/LL-Arcade-Game/UE Project/FantasyCombat/Content/Levels/L_TitleScreen.umap" 969
"../../../Engine/Content/BasicShapes/Cube.ubulk" 970
"../../../Engine/Content/BasicShapes/Cube.uasset" 971
"../../../Engine/Content/BasicShapes/Cube.uexp" 972
"../../../Engine/Content/BasicShapes/Sphere.ubulk" 973
"../../../Engine/Content/BasicShapes/Sphere.uasset" 974
"../../../Engine/Content/BasicShapes/Sphere.uexp" 975
"../../../Engine/Content/BasicShapes/Cylinder.ubulk" 976
"../../../Engine/Content/BasicShapes/Cylinder.uasset" 977
"../../../Engine/Content/BasicShapes/Cylinder.uexp" 978
"C:/Users/Thomas/Documents/GitHub/LL-Arcade-Game/UE Project/FantasyCombat/Content/Models/Environment/Plants/TallPlant/TallPlant_Base_color.ubulk" 979
"C:/Users/Thomas/Documents/GitHub/LL-Arcade-Game/UE Project/FantasyCombat/Content/Models/Environment/Plants/TallPlant/TallPlant_Base_color.uasset" 980
"C:/Users/Thomas/Documents/GitHub/LL-Arcade-Game/UE Project/FantasyCombat/Content/Models/Environment/Plants/TallPlant/TallPlant_Base_color.uexp" 981
"C:/Users/Thomas/Documents/GitHub/LL-Arcade-Game/UE Project/FantasyCombat/Content/Models/Environment/Plants/TallPlant/M_TallPlant.uasset" 982
"C:/Users/Thomas/Documents/GitHub/LL-Arcade-Game/UE Project/FantasyCombat/Content/Models/Environment/Plants/TallPlant/M_TallPlant.uexp" 983
"C:/Users/Thomas/Documents/GitHub/LL-Arcade-Game/UE Project/FantasyCombat/Content/Models/Environment/Plants/TallPlant/plant_2.ubulk" 984
"C:/Users/Thomas/Documents/GitHub/LL-Arcade-Game/UE Project/FantasyCombat/Content/Models/Environment/Plants/TallPlant/plant_2.uasset" 985
"C:/Users/Thomas/Documents/GitHub/LL-Arcade-Game/UE Project/FantasyCombat/Content/Models/Environment/Plants/TallPlant/plant_2.uexp" 986
"C:/Users/Thomas/Documents/GitHub/LL-Arcade-Game/UE Project/FantasyCombat/Content/Models/Environment/Plants/TallPlant/SMF_Plant2.uasset" 987
"C:/Users/Thomas/Documents/GitHub/LL-Arcade-Game/UE Project/FantasyCombat/Content/Models/Environment/Plants/TallPlant/SMF_Plant2.uexp" 988
"C:/Users/Thomas/Documents/GitHub/LL-Arcade-Game/UE Project/FantasyCombat/Content/Models/Environment/Well/Well_Metallic.ubulk" 989
"C:/Users/Thomas/Documents/GitHub/LL-Arcade-Game/UE Project/FantasyCombat/Content/Models/Environment/Well/Well_Metallic.uasset" 990
"C:/Users/Thomas/Documents/GitHub/LL-Arcade-Game/UE Project/FantasyCombat/Content/Models/Environment/Well/Well_Metallic.uexp" 991
"C:/Users/Thomas/Documents/GitHub/LL-Arcade-Game/UE Project/FantasyCombat/Content/Models/Environment/Well/Well_Mixed_AO.ubulk" 992
"C:/Users/Thomas/Documents/GitHub/LL-Arcade-Game/UE Project/FantasyCombat/Content/Models/Environment/Well/Well_Mixed_AO.uasset" 993
"C:/Users/Thomas/Documents/GitHub/LL-Arcade-Game/UE Project/FantasyCombat/Content/Models/Environment/Well/Well_Mixed_AO.uexp" 994
"C:/Users/Thomas/Documents/GitHub/LL-Arcade-Game/UE Project/FantasyCombat/Content/Models/Environment/Well/Well_Base_color.ubulk" 995
"C:/Users/Thomas/Documents/GitHub/LL-Arcade-Game/UE Project/FantasyCombat/Content/Models/Environment/Well/Well_Base_color.uasset" 996
"C:/Users/Thomas/Documents/GitHub/LL-Arcade-Game/UE Project/FantasyCombat/Content/Models/Environment/Well/Well_Base_color.uexp" 997
"C:/Users/Thomas/Documents/GitHub/LL-Arcade-Game/UE Project/FantasyCombat/Content/Models/Environment/Well/Well_Roughness.ubulk" 998
"C:/Users/Thomas/Documents/GitHub/LL-Arcade-Game/UE Project/FantasyCombat/Content/Models/Environment/Well/Well_Roughness.uasset" 999
"C:/Users/Thomas/Documents/GitHub/LL-Arcade-Game/UE Project/FantasyCombat/Content/Models/Environment/Well/Well_Roughness.uexp" 1000
"C:/Users/Thomas/Documents/GitHub/LL-Arcade-Game/UE Project/FantasyCombat/Content/Models/Environment/Well/M_Well.uasset" 1001
"C:/Users/Thomas/Documents/GitHub/LL-Arcade-Game/UE Project/FantasyCombat/Content/Models/Environment/Well/M_Well.uexp" 1002
"C:/Users/Thomas/Documents/GitHub/LL-Arcade-Game/UE Project/FantasyCombat/Content/Models/Environment/Well/wishing_well.ubulk" 1003
"C:/Users/Thomas/Documents/GitHub/LL-Arcade-Game/UE Project/FantasyCombat/Content/Models/Environment/Well/wishing_well.uasset" 1004
"C:/Users/Thomas/Documents/GitHub/LL-Arcade-Game/UE Project/FantasyCombat/Content/Models/Environment/Well/wishing_well.uexp" 1005
"C:/Users/Thomas/Documents/GitHub/LL-Arcade-Game/UE Project/FantasyCombat/Content/Models/Environment/Plants/GreenPlant/GreenPlant_Mixed_AO.ubulk" 1006
"C:/Users/Thomas/Documents/GitHub/LL-Arcade-Game/UE Project/FantasyCombat/Content/Models/Environment/Plants/GreenPlant/GreenPlant_Mixed_AO.uasset" 1007
"C:/Users/Thomas/Documents/GitHub/LL-Arcade-Game/UE Project/FantasyCombat/Content/Models/Environment/Plants/GreenPlant/GreenPlant_Mixed_AO.uexp" 1008
"C:/Users/Thomas/Documents/GitHub/LL-Arcade-Game/UE Project/FantasyCombat/Content/Models/Environment/Plants/GreenPlant/GreenPlant_Base_color.ubulk" 1009
"C:/Users/Thomas/Documents/GitHub/LL-Arcade-Game/UE Project/FantasyCombat/Content/Models/Environment/Plants/GreenPlant/GreenPlant_Base_color.uasset" 1010
"C:/Users/Thomas/Documents/GitHub/LL-Arcade-Game/UE Project/FantasyCombat/Content/Models/Environment/Plants/GreenPlant/GreenPlant_Base_color.uexp" 1011
"C:/Users/Thomas/Documents/GitHub/LL-Arcade-Game/UE Project/FantasyCombat/Content/Models/Environment/Plants/GreenPlant/M_GreenPlant.uasset" 1012
"C:/Users/Thomas/Documents/GitHub/LL-Arcade-Game/UE Project/FantasyCombat/Content/Models/Environment/Plants/GreenPlant/M_GreenPlant.uexp" 1013
"C:/Users/Thomas/Documents/GitHub/LL-Arcade-Game/UE Project/FantasyCombat/Content/Models/Environment/Plants/Plant1/plant_3.ubulk" 1014
"C:/Users/Thomas/Documents/GitHub/LL-Arcade-Game/UE Project/FantasyCombat/Content/Models/Environment/Plants/Plant1/plant_3.uasset" 1015
"C:/Users/Thomas/Documents/GitHub/LL-Arcade-Game/UE Project/FantasyCombat/Content/Models/Environment/Plants/Plant1/plant_3.uexp" 1016
"C:/Users/Thomas/Documents/GitHub/LL-Arcade-Game/UE Project/FantasyCombat/Content/Models/Environment/Plants/Plant1/SMF_Plant3.uasset" 1017
"C:/Users/Thomas/Documents/GitHub/LL-Arcade-Game/UE Project/FantasyCombat/Content/Models/Environment/Plants/Plant1/SMF_Plant3.uexp" 1018
"C:/Users/Thomas/Documents/GitHub/LL-Arcade-Game/UE Project/FantasyCombat/Content/GameplayActors/CollisionBox.uasset" 1019
"C:/Users/Thomas/Documents/GitHub/LL-Arcade-Game/UE Project/FantasyCombat/Content/GameplayActors/CollisionBox.uexp" 1020
"C:/Users/Thomas/Documents/GitHub/LL-Arcade-Game/UE Project/FantasyCombat/Content/Materials/BasicMaterials/M_SolidColor.uasset" 1021
"C:/Users/Thomas/Documents/GitHub/LL-Arcade-Game/UE Project/FantasyCombat/Content/Materials/BasicMaterials/M_SolidColor.uexp" 1022
"C:/Users/Thomas/Documents/GitHub/LL-Arcade-Game/UE Project/FantasyCombat/Content/Materials/BasicMaterials/MI_RoughGrey.uasset" 1023
"C:/Users/Thomas/Documents/GitHub/LL-Arcade-Game/UE Project/FantasyCombat/Content/Materials/BasicMaterials/MI_RoughGrey.uexp" 1024
"C:/Users/Thomas/Documents/GitHub/LL-Arcade-Game/UE Project/FantasyCombat/Content/Models/Environment/Rock_big.ubulk" 1025
"C:/Users/Thomas/Documents/GitHub/LL-Arcade-Game/UE Project/FantasyCombat/Content/Models/Environment/Rock_big.uasset" 1026
"C:/Users/Thomas/Documents/GitHub/LL-Arcade-Game/UE Project/FantasyCombat/Content/Models/Environment/Rock_big.uexp" 1027
"../../../Engine/Plugins/Interchange/Assets/Content/Functions/MF_PhongToMetalRoughness.uasset" 1028
"../../../Engine/Plugins/Interchange/Assets/Content/Functions/MF_PhongToMetalRoughness.uexp" 1029
"C:/Users/Thomas/Documents/GitHub/LL-Arcade-Game/UE Project/FantasyCombat/Content/Models/Slime/M_Slime.uasset" 1030
"C:/Users/Thomas/Documents/GitHub/LL-Arcade-Game/UE Project/FantasyCombat/Content/Models/Slime/M_Slime.uexp" 1031
"C:/Users/Thomas/Documents/GitHub/LL-Arcade-Game/UE Project/FantasyCombat/Content/Structures/S_WeaponStruct.uasset" 1032
"C:/Users/Thomas/Documents/GitHub/LL-Arcade-Game/UE Project/FantasyCombat/Content/Structures/S_WeaponStruct.uexp" 1033
"C:/Users/Thomas/Documents/GitHub/LL-Arcade-Game/UE Project/FantasyCombat/Content/Interfaces/BPI_DamageInterface.uasset" 1034
"C:/Users/Thomas/Documents/GitHub/LL-Arcade-Game/UE Project/FantasyCombat/Content/Interfaces/BPI_DamageInterface.uexp" 1035
"C:/Users/Thomas/Documents/GitHub/LL-Arcade-Game/UE Project/FantasyCombat/Content/Enemies/AI/BB_Slime.uasset" 1036
"C:/Users/Thomas/Documents/GitHub/LL-Arcade-Game/UE Project/FantasyCombat/Content/Enemies/AI/BB_Slime.uexp" 1037
"C:/Users/Thomas/Documents/GitHub/LL-Arcade-Game/UE Project/FantasyCombat/Content/Enemies/AI/BT_Slime.uasset" 1038
"C:/Users/Thomas/Documents/GitHub/LL-Arcade-Game/UE Project/FantasyCombat/Content/Enemies/AI/BT_Slime.uexp" 1039
"C:/Users/Thomas/Documents/GitHub/LL-Arcade-Game/UE Project/FantasyCombat/Content/Enemies/AI/BP_DetourAI.uasset" 1040
"C:/Users/Thomas/Documents/GitHub/LL-Arcade-Game/UE Project/FantasyCombat/Content/Enemies/AI/BP_DetourAI.uexp" 1041
"C:/Users/Thomas/Documents/GitHub/LL-Arcade-Game/UE Project/FantasyCombat/Content/Interfaces/BPI_InteractionInterface.uasset" 1042
"C:/Users/Thomas/Documents/GitHub/LL-Arcade-Game/UE Project/FantasyCombat/Content/Interfaces/BPI_InteractionInterface.uexp" 1043
"C:/Users/Thomas/Documents/GitHub/LL-Arcade-Game/UE Project/FantasyCombat/Content/Materials/BasicMaterials/MI_Blue.uasset" 1044
"C:/Users/Thomas/Documents/GitHub/LL-Arcade-Game/UE Project/FantasyCombat/Content/Materials/BasicMaterials/MI_Blue.uexp" 1045
"C:/Users/Thomas/Documents/GitHub/LL-Arcade-Game/UE Project/FantasyCombat/Content/SFX/pickupCoin.ubulk" 1046
"C:/Users/Thomas/Documents/GitHub/LL-Arcade-Game/UE Project/FantasyCombat/Content/SFX/pickupCoin.uasset" 1047
"C:/Users/Thomas/Documents/GitHub/LL-Arcade-Game/UE Project/FantasyCombat/Content/SFX/pickupCoin.uexp" 1048
"C:/Users/Thomas/Documents/GitHub/LL-Arcade-Game/UE Project/FantasyCombat/Content/Interfaces/BPI_PlayerInterface.uasset" 1049
"C:/Users/Thomas/Documents/GitHub/LL-Arcade-Game/UE Project/FantasyCombat/Content/Interfaces/BPI_PlayerInterface.uexp" 1050
"C:/Users/Thomas/Documents/GitHub/LL-Arcade-Game/UE Project/FantasyCombat/Content/GameplayActors/BP_ExperienceOrb.uasset" 1051
"C:/Users/Thomas/Documents/GitHub/LL-Arcade-Game/UE Project/FantasyCombat/Content/GameplayActors/BP_ExperienceOrb.uexp" 1052
"C:/Users/Thomas/Documents/GitHub/LL-Arcade-Game/UE Project/FantasyCombat/Content/Materials/BasicMaterials/MI_Red.uasset" 1053
"C:/Users/Thomas/Documents/GitHub/LL-Arcade-Game/UE Project/FantasyCombat/Content/Materials/BasicMaterials/MI_Red.uexp" 1054
"C:/Users/Thomas/Documents/GitHub/LL-Arcade-Game/UE Project/FantasyCombat/Content/SFX/medium_hit.ubulk" 1055
"C:/Users/Thomas/Documents/GitHub/LL-Arcade-Game/UE Project/FantasyCombat/Content/SFX/medium_hit.uasset" 1056
"C:/Users/Thomas/Documents/GitHub/LL-Arcade-Game/UE Project/FantasyCombat/Content/SFX/medium_hit.uexp" 1057
"C:/Users/Thomas/Documents/GitHub/LL-Arcade-Game/UE Project/FantasyCombat/Content/SFX/hitHurt.ubulk" 1058
"C:/Users/Thomas/Documents/GitHub/LL-Arcade-Game/UE Project/FantasyCombat/Content/SFX/hitHurt.uasset" 1059
"C:/Users/Thomas/Documents/GitHub/LL-Arcade-Game/UE Project/FantasyCombat/Content/SFX/hitHurt.uexp" 1060
"C:/Users/Thomas/Documents/GitHub/LL-Arcade-Game/UE Project/FantasyCombat/Content/SFX/critical.ubulk" 1061
"C:/Users/Thomas/Documents/GitHub/LL-Arcade-Game/UE Project/FantasyCombat/Content/SFX/critical.uasset" 1062
"C:/Users/Thomas/Documents/GitHub/LL-Arcade-Game/UE Project/FantasyCombat/Content/SFX/critical.uexp" 1063
"C:/Users/Thomas/Documents/GitHub/LL-Arcade-Game/UE Project/FantasyCombat/Content/Models/Slime/SM_Slime.ubulk" 1064
"C:/Users/Thomas/Documents/GitHub/LL-Arcade-Game/UE Project/FantasyCombat/Content/Models/Slime/SM_Slime.uasset" 1065
"C:/Users/Thomas/Documents/GitHub/LL-Arcade-Game/UE Project/FantasyCombat/Content/Models/Slime/SM_Slime.uexp" 1066
"C:/Users/Thomas/Documents/GitHub/LL-Arcade-Game/UE Project/FantasyCombat/Content/Enemies/BP_BasicEnemy.uasset" 1067
"C:/Users/Thomas/Documents/GitHub/LL-Arcade-Game/UE Project/FantasyCombat/Content/Enemies/BP_BasicEnemy.uexp" 1068
"C:/Users/Thomas/Documents/GitHub/LL-Arcade-Game/UE Project/FantasyCombat/Content/Models/Environment/Tree/BigTree/BigTree_Metallic.ubulk" 1069
"C:/Users/Thomas/Documents/GitHub/LL-Arcade-Game/UE Project/FantasyCombat/Content/Models/Environment/Tree/BigTree/BigTree_Metallic.uasset" 1070
"C:/Users/Thomas/Documents/GitHub/LL-Arcade-Game/UE Project/FantasyCombat/Content/Models/Environment/Tree/BigTree/BigTree_Metallic.uexp" 1071
"C:/Users/Thomas/Documents/GitHub/LL-Arcade-Game/UE Project/FantasyCombat/Content/Models/Environment/Tree/BigTree/BigTree_Roughness.ubulk" 1072
"C:/Users/Thomas/Documents/GitHub/LL-Arcade-Game/UE Project/FantasyCombat/Content/Models/Environment/Tree/BigTree/BigTree_Roughness.uasset" 1073
"C:/Users/Thomas/Documents/GitHub/LL-Arcade-Game/UE Project/FantasyCombat/Content/Models/Environment/Tree/BigTree/BigTree_Roughness.uexp" 1074
"C:/Users/Thomas/Documents/GitHub/LL-Arcade-Game/UE Project/FantasyCombat/Content/Models/Environment/Tree/BigTree/BigTree_Normal.ubulk" 1075
"C:/Users/Thomas/Documents/GitHub/LL-Arcade-Game/UE Project/FantasyCombat/Content/Models/Environment/Tree/BigTree/BigTree_Normal.uasset" 1076
"C:/Users/Thomas/Documents/GitHub/LL-Arcade-Game/UE Project/FantasyCombat/Content/Models/Environment/Tree/BigTree/BigTree_Normal.uexp" 1077
"C:/Users/Thomas/Documents/GitHub/LL-Arcade-Game/UE Project/FantasyCombat/Content/Models/Environment/Tree/BigTree/BigTree_Normal_DirectX.ubulk" 1078
"C:/Users/Thomas/Documents/GitHub/LL-Arcade-Game/UE Project/FantasyCombat/Content/Models/Environment/Tree/BigTree/BigTree_Normal_DirectX.uasset" 1079
"C:/Users/Thomas/Documents/GitHub/LL-Arcade-Game/UE Project/FantasyCombat/Content/Models/Environment/Tree/BigTree/BigTree_Normal_DirectX.uexp" 1080
"C:/Users/Thomas/Documents/GitHub/LL-Arcade-Game/UE Project/FantasyCombat/Content/Models/Environment/Tree/BigTree/BigTree_Base_color.ubulk" 1081
"C:/Users/Thomas/Documents/GitHub/LL-Arcade-Game/UE Project/FantasyCombat/Content/Models/Environment/Tree/BigTree/BigTree_Base_color.uasset" 1082
"C:/Users/Thomas/Documents/GitHub/LL-Arcade-Game/UE Project/FantasyCombat/Content/Models/Environment/Tree/BigTree/BigTree_Base_color.uexp" 1083
"C:/Users/Thomas/Documents/GitHub/LL-Arcade-Game/UE Project/FantasyCombat/Content/Models/Environment/Tree/BigTree/M_BigTree.uasset" 1084
"C:/Users/Thomas/Documents/GitHub/LL-Arcade-Game/UE Project/FantasyCombat/Content/Models/Environment/Tree/BigTree/M_BigTree.uexp" 1085
"C:/Users/Thomas/Documents/GitHub/LL-Arcade-Game/UE Project/FantasyCombat/Content/Models/Environment/Tree/BigTree/SM_BigTree.ubulk" 1086
"C:/Users/Thomas/Documents/GitHub/LL-Arcade-Game/UE Project/FantasyCombat/Content/Models/Environment/Tree/BigTree/SM_BigTree.uasset" 1087
"C:/Users/Thomas/Documents/GitHub/LL-Arcade-Game/UE Project/FantasyCombat/Content/Models/Environment/Tree/BigTree/SM_BigTree.uexp" 1088
"C:/Users/Thomas/Documents/GitHub/LL-Arcade-Game/UE Project/FantasyCombat/Content/Models/Environment/Campfire/Campfire_Base_color.ubulk" 1089
"C:/Users/Thomas/Documents/GitHub/LL-Arcade-Game/UE Project/FantasyCombat/Content/Models/Environment/Campfire/Campfire_Base_color.uasset" 1090
"C:/Users/Thomas/Documents/GitHub/LL-Arcade-Game/UE Project/FantasyCombat/Content/Models/Environment/Campfire/Campfire_Base_color.uexp" 1091
"C:/Users/Thomas/Documents/GitHub/LL-Arcade-Game/UE Project/FantasyCombat/Content/Models/Environment/Campfire/Campfire_Roughness.ubulk" 1092
"C:/Users/Thomas/Documents/GitHub/LL-Arcade-Game/UE Project/FantasyCombat/Content/Models/Environment/Campfire/Campfire_Roughness.uasset" 1093
"C:/Users/Thomas/Documents/GitHub/LL-Arcade-Game/UE Project/FantasyCombat/Content/Models/Environment/Campfire/Campfire_Roughness.uexp" 1094
"C:/Users/Thomas/Documents/GitHub/LL-Arcade-Game/UE Project/FantasyCombat/Content/Models/Environment/Campfire/Campfire_Mixed_AO.ubulk" 1095
"C:/Users/Thomas/Documents/GitHub/LL-Arcade-Game/UE Project/FantasyCombat/Content/Models/Environment/Campfire/Campfire_Mixed_AO.uasset" 1096
"C:/Users/Thomas/Documents/GitHub/LL-Arcade-Game/UE Project/FantasyCombat/Content/Models/Environment/Campfire/Campfire_Mixed_AO.uexp" 1097
"C:/Users/Thomas/Documents/GitHub/LL-Arcade-Game/UE Project/FantasyCombat/Content/Models/Environment/Campfire/M_Campfire.uasset" 1098
"C:/Users/Thomas/Documents/GitHub/LL-Arcade-Game/UE Project/FantasyCombat/Content/Models/Environment/Campfire/M_Campfire.uexp" 1099
"C:/Users/Thomas/Documents/GitHub/LL-Arcade-Game/UE Project/FantasyCombat/Content/Models/Environment/Campfire/campfire.ubulk" 1100
"C:/Users/Thomas/Documents/GitHub/LL-Arcade-Game/UE Project/FantasyCombat/Content/Models/Environment/Campfire/campfire.uasset" 1101
"C:/Users/Thomas/Documents/GitHub/LL-Arcade-Game/UE Project/FantasyCombat/Content/Models/Environment/Campfire/campfire.uexp" 1102
"C:/Users/Thomas/Documents/GitHub/LL-Arcade-Game/UE Project/FantasyCombat/Content/Materials/BasicMaterials/MI_Green.uasset" 1103
"C:/Users/Thomas/Documents/GitHub/LL-Arcade-Game/UE Project/FantasyCombat/Content/Materials/BasicMaterials/MI_Green.uexp" 1104
"C:/Users/Thomas/Documents/GitHub/LL-Arcade-Game/UE Project/FantasyCombat/Content/Levels/_GENERATED/Thomas/Box_95EA0DDB.ubulk" 1105
"C:/Users/Thomas/Documents/GitHub/LL-Arcade-Game/UE Project/FantasyCombat/Content/Levels/_GENERATED/Thomas/Box_95EA0DDB.uasset" 1106
"C:/Users/Thomas/Documents/GitHub/LL-Arcade-Game/UE Project/FantasyCombat/Content/Levels/_GENERATED/Thomas/Box_95EA0DDB.uexp" 1107
"C:/Users/Thomas/Documents/GitHub/LL-Arcade-Game/UE Project/FantasyCombat/Content/Models/Environment/Plants/GreenPlant/plant.ubulk" 1108
"C:/Users/Thomas/Documents/GitHub/LL-Arcade-Game/UE Project/FantasyCombat/Content/Models/Environment/Plants/GreenPlant/plant.uasset" 1109
"C:/Users/Thomas/Documents/GitHub/LL-Arcade-Game/UE Project/FantasyCombat/Content/Models/Environment/Plants/GreenPlant/plant.uexp" 1110
"C:/Users/Thomas/Documents/GitHub/LL-Arcade-Game/UE Project/FantasyCombat/Content/Models/Environment/Plants/GreenPlant/SMF_plant.uasset" 1111
"C:/Users/Thomas/Documents/GitHub/LL-Arcade-Game/UE Project/FantasyCombat/Content/Models/Environment/Plants/GreenPlant/SMF_plant.uexp" 1112
"C:/Users/Thomas/Documents/GitHub/LL-Arcade-Game/UE Project/FantasyCombat/Content/Models/Environment/rock_small.ubulk" 1113
"C:/Users/Thomas/Documents/GitHub/LL-Arcade-Game/UE Project/FantasyCombat/Content/Models/Environment/rock_small.uasset" 1114
"C:/Users/Thomas/Documents/GitHub/LL-Arcade-Game/UE Project/FantasyCombat/Content/Models/Environment/rock_small.uexp" 1115
"C:/Users/Thomas/Documents/GitHub/LL-Arcade-Game/UE Project/FantasyCombat/Content/Materials/UV_Map_Guide.uasset" 1116
"C:/Users/Thomas/Documents/GitHub/LL-Arcade-Game/UE Project/FantasyCombat/Content/Materials/UV_Map_Guide.uexp" 1117
"C:/Users/Thomas/Documents/GitHub/LL-Arcade-Game/UE Project/FantasyCombat/Content/Materials/Star_skybox.uasset" 1118
"C:/Users/Thomas/Documents/GitHub/LL-Arcade-Game/UE Project/FantasyCombat/Content/Materials/Star_skybox.uexp" 1119
"C:/Users/Thomas/Documents/GitHub/LL-Arcade-Game/UE Project/FantasyCombat/Content/Materials/Star_Skybox_1.uasset" 1120
"C:/Users/Thomas/Documents/GitHub/LL-Arcade-Game/UE Project/FantasyCombat/Content/Materials/Star_Skybox_1.uexp" 1121
"C:/Users/Thomas/Documents/GitHub/LL-Arcade-Game/UE Project/FantasyCombat/Content/Materials/Daylight_Box_UV.uasset" 1122
"C:/Users/Thomas/Documents/GitHub/LL-Arcade-Game/UE Project/FantasyCombat/Content/Materials/Daylight_Box_UV.uexp" 1123
"C:/Users/Thomas/Documents/GitHub/LL-Arcade-Game/UE Project/FantasyCombat/Content/Materials/Daylight_Box_UV_2.uasset" 1124
"C:/Users/Thomas/Documents/GitHub/LL-Arcade-Game/UE Project/FantasyCombat/Content/Materials/Daylight_Box_UV_2.uexp" 1125
"C:/Users/Thomas/Documents/GitHub/LL-Arcade-Game/UE Project/FantasyCombat/Content/Materials/Daylight_Box_UV_3.uasset" 1126
"C:/Users/Thomas/Documents/GitHub/LL-Arcade-Game/UE Project/FantasyCombat/Content/Materials/Daylight_Box_UV_3.uexp" 1127
"C:/Users/Thomas/Documents/GitHub/LL-Arcade-Game/UE Project/FantasyCombat/Content/Materials/Daylight_Box_0.uasset" 1128
"C:/Users/Thomas/Documents/GitHub/LL-Arcade-Game/UE Project/FantasyCombat/Content/Materials/Daylight_Box_0.uexp" 1129
"C:/Users/Thomas/Documents/GitHub/LL-Arcade-Game/UE Project/FantasyCombat/Content/Materials/M_Skybox.uasset" 1130
"C:/Users/Thomas/Documents/GitHub/LL-Arcade-Game/UE Project/FantasyCombat/Content/Materials/M_Skybox.uexp" 1131
"C:/Users/Thomas/Documents/GitHub/LL-Arcade-Game/UE Project/FantasyCombat/Content/Materials/BasicMaterials/GrayLightTextureCube.uasset" 1132
"C:/Users/Thomas/Documents/GitHub/LL-Arcade-Game/UE Project/FantasyCombat/Content/Materials/BasicMaterials/GrayLightTextureCube.uexp" 1133
"../../../Engine/Content/BasicShapes/BasicShapeMaterial.uasset" 1134
"../../../Engine/Content/BasicShapes/BasicShapeMaterial.uexp" 1135
"C:/Users/Thomas/Documents/GitHub/LL-Arcade-Game/UE Project/FantasyCombat/Content/Models/Environment/Tree/NormalTree/Tree_Roughness.ubulk" 1136
"C:/Users/Thomas/Documents/GitHub/LL-Arcade-Game/UE Project/FantasyCombat/Content/Models/Environment/Tree/NormalTree/Tree_Roughness.uasset" 1137
"C:/Users/Thomas/Documents/GitHub/LL-Arcade-Game/UE Project/FantasyCombat/Content/Models/Environment/Tree/NormalTree/Tree_Roughness.uexp" 1138
"C:/Users/Thomas/Documents/GitHub/LL-Arcade-Game/UE Project/FantasyCombat/Content/Models/Environment/Tree/NormalTree/Tree_Base_color.ubulk" 1139
"C:/Users/Thomas/Documents/GitHub/LL-Arcade-Game/UE Project/FantasyCombat/Content/Models/Environment/Tree/NormalTree/Tree_Base_color.uasset" 1140
"C:/Users/Thomas/Documents/GitHub/LL-Arcade-Game/UE Project/FantasyCombat/Content/Models/Environment/Tree/NormalTree/Tree_Base_color.uexp" 1141
"C:/Users/Thomas/Documents/GitHub/LL-Arcade-Game/UE Project/FantasyCombat/Content/Models/Environment/Tree/NormalTree/M_Tree.uasset" 1142
"C:/Users/Thomas/Documents/GitHub/LL-Arcade-Game/UE Project/FantasyCombat/Content/Models/Environment/Tree/NormalTree/M_Tree.uexp" 1143
"C:/Users/Thomas/Documents/GitHub/LL-Arcade-Game/UE Project/FantasyCombat/Content/Models/Environment/Tree/NormalTree/SM_Tree.ubulk" 1144
"C:/Users/Thomas/Documents/GitHub/LL-Arcade-Game/UE Project/FantasyCombat/Content/Models/Environment/Tree/NormalTree/SM_Tree.uasset" 1145
"C:/Users/Thomas/Documents/GitHub/LL-Arcade-Game/UE Project/FantasyCombat/Content/Models/Environment/Tree/NormalTree/SM_Tree.uexp" 1146
"C:/Users/Thomas/Documents/GitHub/LL-Arcade-Game/UE Project/FantasyCombat/Content/Models/Environment/AxeInWood/Waxe_Roughness.ubulk" 1147
"C:/Users/Thomas/Documents/GitHub/LL-Arcade-Game/UE Project/FantasyCombat/Content/Models/Environment/AxeInWood/Waxe_Roughness.uasset" 1148
"C:/Users/Thomas/Documents/GitHub/LL-Arcade-Game/UE Project/FantasyCombat/Content/Models/Environment/AxeInWood/Waxe_Roughness.uexp" 1149
"C:/Users/Thomas/Documents/GitHub/LL-Arcade-Game/UE Project/FantasyCombat/Content/Models/Environment/AxeInWood/Waxe_Mixed_AO.ubulk" 1150
"C:/Users/Thomas/Documents/GitHub/LL-Arcade-Game/UE Project/FantasyCombat/Content/Models/Environment/AxeInWood/Waxe_Mixed_AO.uasset" 1151
"C:/Users/Thomas/Documents/GitHub/LL-Arcade-Game/UE Project/FantasyCombat/Content/Models/Environment/AxeInWood/Waxe_Mixed_AO.uexp" 1152
"C:/Users/Thomas/Documents/GitHub/LL-Arcade-Game/UE Project/FantasyCombat/Content/Models/Environment/AxeInWood/Waxe_Metallic.ubulk" 1153
"C:/Users/Thomas/Documents/GitHub/LL-Arcade-Game/UE Project/FantasyCombat/Content/Models/Environment/AxeInWood/Waxe_Metallic.uasset" 1154
"C:/Users/Thomas/Documents/GitHub/LL-Arcade-Game/UE Project/FantasyCombat/Content/Models/Environment/AxeInWood/Waxe_Metallic.uexp" 1155
"C:/Users/Thomas/Documents/GitHub/LL-Arcade-Game/UE Project/FantasyCombat/Content/Models/Environment/AxeInWood/Waxe_Base_color.ubulk" 1156
"C:/Users/Thomas/Documents/GitHub/LL-Arcade-Game/UE Project/FantasyCombat/Content/Models/Environment/AxeInWood/Waxe_Base_color.uasset" 1157
"C:/Users/Thomas/Documents/GitHub/LL-Arcade-Game/UE Project/FantasyCombat/Content/Models/Environment/AxeInWood/Waxe_Base_color.uexp" 1158
"C:/Users/Thomas/Documents/GitHub/LL-Arcade-Game/UE Project/FantasyCombat/Content/Models/Environment/AxeInWood/M_WoodWaxe.uasset" 1159
"C:/Users/Thomas/Documents/GitHub/LL-Arcade-Game/UE Project/FantasyCombat/Content/Models/Environment/AxeInWood/M_WoodWaxe.uexp" 1160
"C:/Users/Thomas/Documents/GitHub/LL-Arcade-Game/UE Project/FantasyCombat/Content/Models/Environment/AxeInWood/axe_in_wood.ubulk" 1161
"C:/Users/Thomas/Documents/GitHub/LL-Arcade-Game/UE Project/FantasyCombat/Content/Models/Environment/AxeInWood/axe_in_wood.uasset" 1162
"C:/Users/Thomas/Documents/GitHub/LL-Arcade-Game/UE Project/FantasyCombat/Content/Models/Environment/AxeInWood/axe_in_wood.uexp" 1163
"C:/Users/Thomas/Documents/GitHub/LL-Arcade-Game/UE Project/FantasyCombat/Content/Models/Environment/Tent/Tent__Mixed_AO.ubulk" 1164
"C:/Users/Thomas/Documents/GitHub/LL-Arcade-Game/UE Project/FantasyCombat/Content/Models/Environment/Tent/Tent__Mixed_AO.uasset" 1165
"C:/Users/Thomas/Documents/GitHub/LL-Arcade-Game/UE Project/FantasyCombat/Content/Models/Environment/Tent/Tent__Mixed_AO.uexp" 1166
"C:/Users/Thomas/Documents/GitHub/LL-Arcade-Game/UE Project/FantasyCombat/Content/Models/Environment/Tent/Tent_Base_color.ubulk" 1167
"C:/Users/Thomas/Documents/GitHub/LL-Arcade-Game/UE Project/FantasyCombat/Content/Models/Environment/Tent/Tent_Base_color.uasset" 1168
"C:/Users/Thomas/Documents/GitHub/LL-Arcade-Game/UE Project/FantasyCombat/Content/Models/Environment/Tent/Tent_Base_color.uexp" 1169
"C:/Users/Thomas/Documents/GitHub/LL-Arcade-Game/UE Project/FantasyCombat/Content/Models/Environment/Tent/M_tent.uasset" 1170
"C:/Users/Thomas/Documents/GitHub/LL-Arcade-Game/UE Project/FantasyCombat/Content/Models/Environment/Tent/M_tent.uexp" 1171
"C:/Users/Thomas/Documents/GitHub/LL-Arcade-Game/UE Project/FantasyCombat/Content/Models/Environment/Tent/tent_2.ubulk" 1172
"C:/Users/Thomas/Documents/GitHub/LL-Arcade-Game/UE Project/FantasyCombat/Content/Models/Environment/Tent/tent_2.uasset" 1173
"C:/Users/Thomas/Documents/GitHub/LL-Arcade-Game/UE Project/FantasyCombat/Content/Models/Environment/Tent/tent_2.uexp" 1174
"C:/Users/Thomas/Documents/GitHub/LL-Arcade-Game/UE Project/FantasyCombat/Content/Levels/L_TestLevel.uexp" 1175
"C:/Users/Thomas/Documents/GitHub/LL-Arcade-Game/UE Project/FantasyCombat/Content/Levels/L_TestLevel.umap" 1176
"../../../Engine/Content/Maps/Entry_BuiltData.uasset" 1177
"../../../Engine/Content/Maps/Entry_BuiltData.uexp" 1178
"../../../Engine/Content/Maps/Entry.uexp" 1179
"../../../Engine/Content/Maps/Entry.umap" 1180
